cnfname,dataset,cnf_basename,train_test,neighbours_conn,center_conn,close_nodes_ratio,spath_length_avg,ind_dif_avg,spath_ind_dif,ind_spath_ratio,sel_nodes_ratio
random_test_preprocessed/unif-k4-r9.931-v2050-c20359-S6256099315099324166_preprocessed.cnf,random,unif-k4-r9.931-v2050-c20359-S6256099315099324166.cnf,test,0.14384083110135013,0.16140155159219133,0.9990243902439024,1,676,675,676,0.5
random_test_preprocessed/unif-k7-r87.79-v87-c7638-S2487665676041973328_preprocessed.cnf,random,unif-k7-r87.79-v87-c7638-S2487665676041973328.cnf,test,0.14602088767724347,0.16824593583988542,1.0,1,25,24,25,0.5
random_test_preprocessed/unif-k7-r87.79-v135-c11852-S8120933445334060443_preprocessed.cnf,random,unif-k7-r87.79-v135-c11852-S8120933445334060443.cnf,test,0.14538766231977632,0.16993632659746544,1.0,1,48,47,48,0.5
random_test_preprocessed/unif-k6-r43.37-v250-c10843-S368922510111777024_preprocessed.cnf,random,unif-k6-r43.37-v250-c10843-S368922510111777024.cnf,test,0.1443146787159329,0.16405475212031026,1.0,1,74,73,74,0.5
random_test_preprocessed/unif-k5-r21.117-v450-c9503-S6944250383819361449_preprocessed.cnf,random,unif-k5-r21.117-v450-c9503-S6944250383819361449.cnf,test,0.1440465502202199,0.16334644077657104,1.0,1,119,118,119,0.5
random_test_preprocessed/unif-k3-r4.267-v5200-c22188-S8832663068472759902_preprocessed.cnf,random,unif-k3-r4.267-v5200-c22188-S8832663068472759902.cnf,test,0.14425275171989474,0.16802493193361726,0.9915384615384616,2,1696,1694,848,0.5
random_test_preprocessed/unif-k4-r9.931-v1550-c15393-S2718273315238508813_preprocessed.cnf,random,unif-k4-r9.931-v1550-c15393-S2718273315238508813.cnf,test,0.14349169417062332,0.1631505930241402,0.9974193548387096,1,523,522,523,0.5
random_test_preprocessed/unif-k3-r4.267-v10200-c43523-S3548651159523181192_preprocessed.cnf,random,unif-k3-r4.267-v10200-c43523-S3548651159523181192.cnf,test,0.143925763923133,0.16871723824839013,0.9919607843137256,3,3383,3380,1127,0.5
random_test_preprocessed/unif-k7-r87.79-v102-c8955-S5955069033012101914_preprocessed.cnf,random,unif-k7-r87.79-v102-c8955-S5955069033012101914.cnf,test,0.14438310547412406,0.1647528939745185,1.0,1,32,31,32,0.5
random_test_preprocessed/unif-k4-r9.931-v1350-c13407-S5137793542187515315_preprocessed.cnf,random,unif-k4-r9.931-v1350-c13407-S5137793542187515315.cnf,test,0.14421960101793127,0.16341111842375905,0.997037037037037,1,470,469,470,0.5
random_test_preprocessed/unif-k5-r21.117-v250-c5279-S573162496321094979_preprocessed.cnf,random,unif-k5-r21.117-v250-c5279-S573162496321094979.cnf,test,0.14434677670841198,0.16584317074046118,1.0,1,69,68,69,0.5
random_test_preprocessed/unif-k3-r4.267-v6200-c26455-S3126930957055093427_preprocessed.cnf,random,unif-k3-r4.267-v6200-c26455-S3126930957055093427.cnf,test,0.14404734682668013,0.16867108856201676,0.9932258064516128,2,2037,2035,1018,0.5
random_test_preprocessed/unif-k6-r43.37-v150-c6506-S2217571361402028131_preprocessed.cnf,random,unif-k6-r43.37-v150-c6506-S2217571361402028131.cnf,test,0.14436752408109982,0.16432450168289095,1.0,1,65,64,65,0.5
random_test_preprocessed/unif-k4-r9.931-v2150-c21352-S1954158040251679976_preprocessed.cnf,random,unif-k4-r9.931-v2150-c21352-S1954158040251679976.cnf,test,0.1439278863593594,0.16270580976610172,0.9981395348837208,1,734,733,734,0.5
random_test_preprocessed/unif-k3-r4.267-v6400-c27309-S6550698700610982921_preprocessed.cnf,random,unif-k3-r4.267-v6400-c27309-S6550698700610982921.cnf,test,0.14390561494048645,0.16828074191908265,0.993125,3,2153,2150,717,0.5
random_test_preprocessed/unif-k5-r21.117-v290-c6124-S8575901326652697363_preprocessed.cnf,random,unif-k5-r21.117-v290-c6124-S8575901326652697363.cnf,test,0.14431462021660724,0.1652912844050014,1.0,1,96,95,96,0.5
random_test_preprocessed/unif-k5-r21.117-v360-c7602-S5411469687873588060_preprocessed.cnf,random,unif-k5-r21.117-v360-c7602-S5411469687873588060.cnf,test,0.14447958470697184,0.1636071696847147,1.0,1,128,127,128,0.5
random_test_preprocessed/unif-k7-r87.79-v132-c11588-S1183061853628296762_preprocessed.cnf,random,unif-k7-r87.79-v132-c11588-S1183061853628296762.cnf,test,0.14436675068852658,0.16502814403577762,1.0,1,48,47,48,0.5
random_test_preprocessed/unif-k3-r4.267-v7800-c33283-S864529909542710517_preprocessed.cnf,random,unif-k3-r4.267-v7800-c33283-S864529909542710517.cnf,test,0.1440782969917656,0.16785347922228805,0.9933333333333332,3,2664,2661,888,0.5
random_test_preprocessed/unif-k3-r4.267-v8000-c34136-S601239734522817421_preprocessed.cnf,random,unif-k3-r4.267-v8000-c34136-S601239734522817421.cnf,test,0.14431044741056578,0.1678596467391131,0.99325,3,2751,2748,917,0.5
random_test_preprocessed/unif-k5-r21.117-v260-c5490-S9017938318798583299_preprocessed.cnf,random,unif-k5-r21.117-v260-c5490-S9017938318798583299.cnf,test,0.14378625284120053,0.1632649012147745,1.0,1,82,81,82,0.5
random_test_preprocessed/unif-k6-r43.37-v270-c11710-S8899439977305235018_preprocessed.cnf,random,unif-k6-r43.37-v270-c11710-S8899439977305235018.cnf,test,0.14437231068655532,0.1617434747413827,1.0,1,90,89,90,0.5
random_test_preprocessed/unif-k3-r4.267-v8200-c34989-S8553376445820760137_preprocessed.cnf,random,unif-k3-r4.267-v8200-c34989-S8553376445820760137.cnf,test,0.14394656025156552,0.16732684926920385,0.9917073170731708,3,2717,2714,905,0.5
random_test_preprocessed/unif-k3-r4.267-v5800-c24749-S3684502048400855422_preprocessed.cnf,random,unif-k3-r4.267-v5800-c24749-S3684502048400855422.cnf,test,0.14412845465761898,0.1681173160412227,0.9924137931034482,2,1978,1976,989,0.5
random_test_preprocessed/unif-k5-r21.117-v350-c7391-S8588605725264830440_preprocessed.cnf,random,unif-k5-r21.117-v350-c7391-S8588605725264830440.cnf,test,0.14423761003008628,0.16142582996390628,1.0,1,114,113,114,0.5
random_test_preprocessed/unif-k4-r9.931-v1500-c14896-S496276358977925413_preprocessed.cnf,random,unif-k4-r9.931-v1500-c14896-S496276358977925413.cnf,test,0.14392785484515352,0.16207089420350335,1.0,1,498,497,498,0.5
random_test_preprocessed/unif-k6-r43.37-v130-c5638-S3107119572988961067_preprocessed.cnf,random,unif-k6-r43.37-v130-c5638-S3107119572988961067.cnf,test,0.14433279363693005,0.16723701751066458,1.0,1,39,38,39,0.5
random_test_preprocessed/unif-k7-r87.79-v111-c9745-S3714274746820771843_preprocessed.cnf,random,unif-k7-r87.79-v111-c9745-S3714274746820771843.cnf,test,0.14562681173524186,0.16954718846610742,1.0,1,37,36,37,0.5
random_test_preprocessed/unif-k4-r8.8-v500000-c4400000-S6165768371162957360_preprocessed.cnf,random,unif-k4-r8.8-v500000-c4400000-S6165768371162957360.cnf,test,0.14523603154533826,0.16713790597528888,0.997796,3,166840,166837,55613,0.5
random_test_preprocessed/unif-k3-r4.267-v10800-c46084-S4352797994329964351_preprocessed.cnf,random,unif-k3-r4.267-v10800-c46084-S4352797994329964351.cnf,test,0.14424235429583132,0.16877949997096708,0.9922222222222222,3,3464,3461,1154,0.5
random_test_preprocessed/unif-k7-r87.79-v93-c8164-S5782599437829469093_preprocessed.cnf,random,unif-k7-r87.79-v93-c8164-S5782599437829469093.cnf,test,0.1459171902472412,0.1678115590141107,1.0,1,37,36,37,0.5
random_test_preprocessed/unif-k3-r4.267-v5000-c21335-S5173013380491600450_preprocessed.cnf,random,unif-k3-r4.267-v5000-c21335-S5173013380491600450.cnf,test,0.1438094486917477,0.16675581029109265,0.9932,2,1746,1744,873,0.5
random_test_preprocessed/unif-k5-r21.117-v460-c9714-S4811707783594280891_preprocessed.cnf,random,unif-k5-r21.117-v460-c9714-S4811707783594280891.cnf,test,0.14415740465483995,0.16360159843483768,1.0,1,138,137,138,0.5
random_test_preprocessed/unif-k3-r4.267-v9800-c41817-S4058023850749625634_preprocessed.cnf,random,unif-k3-r4.267-v9800-c41817-S4058023850749625634.cnf,test,0.14415225998756506,0.1693459389757817,0.993265306122449,3,3264,3261,1088,0.5
random_test_preprocessed/unif-k4-r9.931-v1950-c19365-S953913776514870109_preprocessed.cnf,random,unif-k4-r9.931-v1950-c19365-S953913776514870109.cnf,test,0.1442258627046155,0.16283988569818952,0.997948717948718,1,652,651,652,0.5
random_test_preprocessed/unif-k5-r21.117-v440-c9291-S2161548704508690129_preprocessed.cnf,random,unif-k5-r21.117-v440-c9291-S2161548704508690129.cnf,test,0.1440217321043495,0.16370990571672153,1.0,1,151,150,151,0.5
random_test_preprocessed/unif-k4-r9.0-v500000-c4500000-S7783083512028849073_preprocessed.cnf,random,unif-k4-r9.0-v500000-c4500000-S7783083512028849073.cnf,test,0.1452835242109869,0.16679284760925533,0.998136,3,166064,166061,55354,0.5
random_test_preprocessed/unif-k6-r43.37-v265-c11493-S7998833475780713025_preprocessed.cnf,random,unif-k6-r43.37-v265-c11493-S7998833475780713025.cnf,test,0.14488783674641076,0.16603110129484452,1.0,1,83,82,83,0.5
random_test_preprocessed/unif-k7-r87.79-v105-c9218-S2597706642469552925_preprocessed.cnf,random,unif-k7-r87.79-v105-c9218-S2597706642469552925.cnf,test,0.14572471085501182,0.16821995464852607,1.0,1,30,29,30,0.5
random_test_preprocessed/unif-k4-r9.931-v2600-c25821-S8754013205860012559_preprocessed.cnf,random,unif-k4-r9.931-v2600-c25821-S8754013205860012559.cnf,test,0.14392486733545914,0.16214805289455206,0.9984615384615384,1,879,878,879,0.5
random_test_preprocessed/unif-k3-r4.267-v9400-c40110-S5812300744712554505_preprocessed.cnf,random,unif-k3-r4.267-v9400-c40110-S5812300744712554505.cnf,test,0.14409795065149816,0.16807629754763884,0.9931914893617021,3,3167,3164,1055,0.5
random_test_preprocessed/unif-k3-r4.267-v8800-c37550-S3858794246047195390_preprocessed.cnf,random,unif-k3-r4.267-v8800-c37550-S3858794246047195390.cnf,test,0.14387297749737876,0.16878104920404058,0.9925,3,2912,2909,970,0.5
random_test_preprocessed/unif-k6-r43.37-v195-c8457-S6151710626293406650_preprocessed.cnf,random,unif-k6-r43.37-v195-c8457-S6151710626293406650.cnf,test,0.14510862379813955,0.16531959647884584,1.0,1,47,46,47,0.5
random_test_preprocessed/unif-k7-r87.79-v126-c11062-S5055204070247442977_preprocessed.cnf,random,unif-k7-r87.79-v126-c11062-S5055204070247442977.cnf,test,0.14440640215442518,0.1623003275384228,1.0,1,52,51,52,0.5
random_test_preprocessed/unif-k5-r21.117-v530-c11192-S7112498038947219554_preprocessed.cnf,random,unif-k5-r21.117-v530-c11192-S7112498038947219554.cnf,test,0.1438827861850959,0.16289877906549885,1.0,1,191,190,191,0.5
random_test_preprocessed/unif-k7-r87.79-v153-c13432-S3058604733037400670_preprocessed.cnf,random,unif-k7-r87.79-v153-c13432-S3058604733037400670.cnf,test,0.14528161046887947,0.16818654993243715,1.0,1,68,67,68,0.5
random_test_preprocessed/unif-k4-r9.931-v2450-c24331-S1588169556969811239_preprocessed.cnf,random,unif-k4-r9.931-v2450-c24331-S1588169556969811239.cnf,test,0.14342243409219774,0.160627993160065,0.9975510204081632,1,807,806,807,0.5
random_test_preprocessed/unif-k4-r9.931-v1450-c14400-S4946971933958798965_preprocessed.cnf,random,unif-k4-r9.931-v1450-c14400-S4946971933958798965.cnf,test,0.1439090903088814,0.16299227825873078,0.9958620689655172,1,495,494,495,0.5
random_test_preprocessed/unif-k3-r4.267-v7000-c29869-S1865763181710559188_preprocessed.cnf,random,unif-k3-r4.267-v7000-c29869-S1865763181710559188.cnf,test,0.1442209985931215,0.1685275051291048,0.994,3,2484,2481,828,0.5
random_test_preprocessed/unif-k5-r21.117-v420-c8869-S8949686249069268555_preprocessed.cnf,random,unif-k5-r21.117-v420-c8869-S8949686249069268555.cnf,test,0.1438718883557235,0.1610556596392144,1.0,1,156,155,156,0.5
random_test_preprocessed/unif-k4-r9.931-v2200-c21848-S345148938754097255_preprocessed.cnf,random,unif-k4-r9.931-v2200-c21848-S345148938754097255.cnf,test,0.14338242490625475,0.16147272279230426,0.9990909090909093,1,718,717,718,0.5
random_test_preprocessed/unif-k4-r9.931-v2650-c26317-S231599707750623336_preprocessed.cnf,random,unif-k4-r9.931-v2650-c26317-S231599707750623336.cnf,test,0.14372852724934174,0.16145792258248806,1.0,1,912,911,912,0.5
random_test_preprocessed/unif-k7-r87.79-v81-c7111-S8572520752249885150_preprocessed.cnf,random,unif-k7-r87.79-v81-c7111-S8572520752249885150.cnf,test,0.14609194670382192,0.17093240359701267,1.0,1,32,31,32,0.5
random_test_preprocessed/unif-k6-r43.37-v175-c7590-S6705148021114158607_preprocessed.cnf,random,unif-k6-r43.37-v175-c7590-S6705148021114158607.cnf,test,0.14522975363393673,0.16069125625933053,1.0,1,51,50,51,0.5
random_test_preprocessed/unif-k6-r43.37-v165-c7156-S2801141672963831506_preprocessed.cnf,random,unif-k6-r43.37-v165-c7156-S2801141672963831506.cnf,test,0.14526432287333574,0.16184361125160704,1.0,1,60,59,60,0.5
random_test_preprocessed/unif-k5-r21.117-v410-c8658-S3570564977038636282_preprocessed.cnf,random,unif-k5-r21.117-v410-c8658-S3570564977038636282.cnf,test,0.1437913914595939,0.16030453496119024,1.0,1,142,141,142,0.5
random_test_preprocessed/unif-k7-r87.79-v120-c10535-S6898596594662364707_preprocessed.cnf,random,unif-k7-r87.79-v120-c10535-S6898596594662364707.cnf,test,0.1443394058875986,0.16717203548085904,1.0,1,41,40,41,0.5
random_test_preprocessed/unif-k7-r87.79-v90-c7901-S5139391921385523597_preprocessed.cnf,random,unif-k7-r87.79-v90-c7901-S5139391921385523597.cnf,test,0.1444351383887406,0.16248162019697598,1.0,1,23,22,23,0.5
random_test_preprocessed/unif-k6-r43.37-v160-c6939-S5874678178917370678_preprocessed.cnf,random,unif-k6-r43.37-v160-c6939-S5874678178917370678.cnf,test,0.14438704450894285,0.16291565441893546,1.0,1,60,59,60,0.5
random_test_preprocessed/unif-k5-r21.117-v270-c5702-S1208870256555021936_preprocessed.cnf,random,unif-k5-r21.117-v270-c5702-S1208870256555021936.cnf,test,0.14450131936075244,0.16804907231635866,1.0,1,89,88,89,0.5
random_test_preprocessed/unif-k6-r43.37-v170-c7373-S4092242833941729754_preprocessed.cnf,random,unif-k6-r43.37-v170-c7373-S4092242833941729754.cnf,test,0.14438691699709216,0.16208221576134815,1.0,1,63,62,63,0.5
random_test_preprocessed/unif-k3-r4.267-v6000-c25602-S8273745625843657799_preprocessed.cnf,random,unif-k3-r4.267-v6000-c25602-S8273745625843657799.cnf,test,0.14389483917636076,0.167383978915851,0.9933333333333332,2,2029,2027,1014,0.5
random_test_preprocessed/unif-k7-r87.79-v138-c12115-S1894148078188953694_preprocessed.cnf,random,unif-k7-r87.79-v138-c12115-S1894148078188953694.cnf,test,0.14433812477081293,0.16716455323591772,1.0,1,43,42,43,0.5
random_test_preprocessed/unif-k7-r87.79-v144-c12642-S5169854267285968592_preprocessed.cnf,random,unif-k7-r87.79-v144-c12642-S5169854267285968592.cnf,test,0.14436797020167438,0.16467964905464902,1.0,1,29,28,29,0.5
random_test_preprocessed/unif-k4-r9.931-v2500-c24827-S1467710994662496931_preprocessed.cnf,random,unif-k4-r9.931-v2500-c24827-S1467710994662496931.cnf,test,0.14381969496605215,0.1628030849106169,0.9968,1,832,831,832,0.5
random_test_preprocessed/unif-k7-r87.79-v78-c6848-S3883964284070995388_preprocessed.cnf,random,unif-k7-r87.79-v78-c6848-S3883964284070995388.cnf,test,0.14442670520335055,0.1636717982871829,1.0,1,24,23,24,0.5
random_test_preprocessed/unif-k3-r4.267-v5600-c23895-S679437406263653331_preprocessed.cnf,random,unif-k3-r4.267-v5600-c23895-S679437406263653331.cnf,test,0.14378887417027295,0.16771795519708693,0.9939285714285714,2,1879,1877,939,0.5
random_test_preprocessed/unif-k3-r4.267-v6800-c29016-S3329213104514398943_preprocessed.cnf,random,unif-k3-r4.267-v6800-c29016-S3329213104514398943.cnf,test,0.14411791237958074,0.16871675196478209,0.991764705882353,2,2297,2295,1148,0.5
random_test_preprocessed/unif-k3-r4.267-v5400-c23042-S4506552364068991930_preprocessed.cnf,random,unif-k3-r4.267-v5400-c23042-S4506552364068991930.cnf,test,0.14383409528735974,0.16844611305584958,0.9951851851851852,2,1706,1704,853,0.5
random_train_preprocessed/unif-k4-r9.931-v2700-c26814-S9991714946954520_preprocessed.cnf,random,unif-k4-r9.931-v2700-c26814-S9991714946954520.cnf,train,0.14357582180233322,0.16148003200579386,0.9992592592592592,1,937,936,937,0.5
random_train_preprocessed/unif-k6-r43.37-v135-c5855-S8422836956505949526_preprocessed.cnf,random,unif-k6-r43.37-v135-c5855-S8422836956505949526.cnf,train,0.14546569597695758,0.1638977949757386,1.0,1,40,39,40,0.5
random_train_preprocessed/unif-k4-r9.931-v1900-c18869-S1239874793854568987_preprocessed.cnf,random,unif-k4-r9.931-v1900-c18869-S1239874793854568987.cnf,train,0.14389094192415305,0.16220052358980594,0.9978947368421052,1,616,615,616,0.5
random_train_preprocessed/unif-k6-r43.37-v180-c7807-S5441545088291925698_preprocessed.cnf,random,unif-k6-r43.37-v180-c7807-S5441545088291925698.cnf,train,0.1443134764006961,0.16747632052888572,1.0,1,52,51,52,0.5
random_train_preprocessed/unif-k7-r87.79-v156-c13695-S5080321289425073448_preprocessed.cnf,random,unif-k7-r87.79-v156-c13695-S5080321289425073448.cnf,train,0.14430884495852894,0.1697143220716421,1.0,1,54,53,54,0.5
random_train_preprocessed/unif-k7-r87.79-v75-c6584-S572446933024204198_preprocessed.cnf,random,unif-k7-r87.79-v75-c6584-S572446933024204198.cnf,train,0.1463099734144139,0.16786066066066066,1.0,1,26,25,26,0.5
random_train_preprocessed/unif-k5-r21.117-v320-c6757-S1173463319437652855_preprocessed.cnf,random,unif-k5-r21.117-v320-c6757-S1173463319437652855.cnf,train,0.14424530166819624,0.16380651421575254,1.0,1,97,96,97,0.5
random_train_preprocessed/unif-k5-r21.117-v500-c10559-S2750417387912864_preprocessed.cnf,random,unif-k5-r21.117-v500-c10559-S2750417387912864.cnf,train,0.14397615501128014,0.16282195575659572,1.0,1,166,165,166,0.5
random_train_preprocessed/unif-k7-r87.79-v123-c10798-S4422374668872171580_preprocessed.cnf,random,unif-k7-r87.79-v123-c10798-S4422374668872171580.cnf,train,0.14546963214767472,0.17155197541579578,1.0,1,40,39,40,0.5
random_train_preprocessed/unif-k5-r21.117-v330-c6969-S6067028164938132550_preprocessed.cnf,random,unif-k5-r21.117-v330-c6969-S6067028164938132550.cnf,train,0.14342415325882665,0.16143214294107416,1.0,1,120,119,120,0.5
random_train_preprocessed/unif-k7-r87.79-v159-c13959-S1553474720339832474_preprocessed.cnf,random,unif-k7-r87.79-v159-c13959-S1553474720339832474.cnf,train,0.14529150910829886,0.1639866633219824,1.0,1,45,44,45,0.5
random_train_preprocessed/unif-k6-r43.37-v260-c11276-S6928946103252192068_preprocessed.cnf,random,unif-k6-r43.37-v260-c11276-S6928946103252192068.cnf,train,0.14429681044614706,0.1681895892082655,1.0,1,93,92,93,0.5
random_train_preprocessed/unif-k4-r9.931-v2400-c23834-S3044879145899745647_preprocessed.cnf,random,unif-k4-r9.931-v2400-c23834-S3044879145899745647.cnf,train,0.14332863529389647,0.1616881279515808,1.0,1,778,777,778,0.5
random_train_preprocessed/unif-k6-r43.37-v125-c5421-S4483684816378092975_preprocessed.cnf,random,unif-k6-r43.37-v125-c5421-S4483684816378092975.cnf,train,0.14553144623157468,0.1658038709677419,1.0,1,34,33,34,0.5
random_train_preprocessed/unif-k5-r21.117-v380-c8024-S5062228093844582480_preprocessed.cnf,random,unif-k5-r21.117-v380-c8024-S5062228093844582480.cnf,train,0.14393428684547707,0.16160343498808247,1.0,1,135,134,135,0.5
random_train_preprocessed/unif-k3-r4.267-v9000-c38403-S3954217171185439635_preprocessed.cnf,random,unif-k3-r4.267-v9000-c38403-S3954217171185439635.cnf,train,0.1444359159645227,0.16953707498466442,0.9915555555555556,3,3047,3044,1015,0.5
random_train_preprocessed/unif-k6-r43.37-v245-c10626-S6612926516169101632_preprocessed.cnf,random,unif-k6-r43.37-v245-c10626-S6612926516169101632.cnf,train,0.1449746753420167,0.1613435161774336,1.0,1,65,64,65,0.5
random_train_preprocessed/unif-k5-r21.117-v310-c6546-S5508893645533741290_preprocessed.cnf,random,unif-k5-r21.117-v310-c6546-S5508893645533741290.cnf,train,0.14414204034840994,0.16046656314589944,1.0,1,121,120,121,0.5
random_train_preprocessed/unif-k4-r9.931-v1850-c18372-S7254399457290688678_preprocessed.cnf,random,unif-k4-r9.931-v1850-c18372-S7254399457290688678.cnf,train,0.14424630702087188,0.16345226057068155,0.9967567567567568,1,580,579,580,0.5
random_train_preprocessed/unif-k6-r43.37-v220-c9541-S5446068683621075341_preprocessed.cnf,random,unif-k6-r43.37-v220-c9541-S5446068683621075341.cnf,train,0.14433671149651373,0.167078708365288,1.0,1,65,64,65,0.5
random_train_preprocessed/unif-k5-r21.117-v540-c11403-S5264065948529668206_preprocessed.cnf,random,unif-k5-r21.117-v540-c11403-S5264065948529668206.cnf,train,0.1440954314415325,0.1635695464016314,1.0,1,213,212,213,0.5
random_train_preprocessed/unif-k6-r43.37-v230-c9975-S2658324097532235943_preprocessed.cnf,random,unif-k6-r43.37-v230-c9975-S2658324097532235943.cnf,train,0.14430380767213447,0.16723191625865388,1.0,1,64,63,64,0.5
random_train_preprocessed/unif-k6-r43.37-v215-c9325-S5012965808555322374_preprocessed.cnf,random,unif-k6-r43.37-v215-c9325-S5012965808555322374.cnf,train,0.14502320646795314,0.16551925008335994,1.0,1,54,53,54,0.5
random_train_preprocessed/unif-k4-r9.931-v1650-c16386-S53884124957771982_preprocessed.cnf,random,unif-k4-r9.931-v1650-c16386-S53884124957771982.cnf,train,0.14409632903998712,0.16194825409569022,1.0,1,547,546,547,0.5
random_train_preprocessed/unif-k5-r21.117-v520-c10981-S9000971832226448723_preprocessed.cnf,random,unif-k5-r21.117-v520-c10981-S9000971832226448723.cnf,train,0.14423164490380602,0.1611286382918185,1.0,1,197,196,197,0.5
random_train_preprocessed/unif-k3-r4.267-v8600-c36696-S7931008133194514435_preprocessed.cnf,random,unif-k3-r4.267-v8600-c36696-S7931008133194514435.cnf,train,0.14405824840312845,0.1680734221381215,0.9923255813953488,3,2887,2884,962,0.5
random_train_preprocessed/unif-k5-r21.117-v280-c5913-S2269373140832608582_preprocessed.cnf,random,unif-k5-r21.117-v280-c5913-S2269373140832608582.cnf,train,0.1439660184067557,0.1638870417363351,1.0,1,90,89,90,0.5
random_train_preprocessed/unif-k6-r43.37-v255-c11059-S985188412208012373_preprocessed.cnf,random,unif-k6-r43.37-v255-c11059-S985188412208012373.cnf,train,0.14490274360673425,0.1674322213174696,1.0,1,80,79,80,0.5
random_train_preprocessed/unif-k3-r4.267-v7400-c31576-S5285530466999150815_preprocessed.cnf,random,unif-k3-r4.267-v7400-c31576-S5285530466999150815.cnf,train,0.14404515716780375,0.16807248180969347,0.9889189189189188,3,2336,2333,778,0.5
random_train_preprocessed/unif-k5-r21.117-v400-c8447-S2104483103652110432_preprocessed.cnf,random,unif-k5-r21.117-v400-c8447-S2104483103652110432.cnf,train,0.14370363800689614,0.16015433698033155,1.0,1,102,101,102,0.5
random_train_preprocessed/unif-k5-r21.117-v340-c7180-S8676657651397260146_preprocessed.cnf,random,unif-k5-r21.117-v340-c7180-S8676657651397260146.cnf,train,0.1442289812421347,0.16330826312042915,1.0,1,129,128,129,0.5
random_train_preprocessed/unif-k6-r43.37-v200-c8674-S3665484245982449089_preprocessed.cnf,random,unif-k6-r43.37-v200-c8674-S3665484245982449089.cnf,train,0.14436150526100072,0.16582439297768128,1.0,1,57,56,57,0.5
random_train_preprocessed/unif-k3-r4.267-v10000-c42670-S6678138187305010036_preprocessed.cnf,random,unif-k3-r4.267-v10000-c42670-S6678138187305010036.cnf,train,0.14388284409096594,0.16941255939710728,0.9938,3,3243,3240,1081,0.5
random_train_preprocessed/unif-k3-r4.267-v8400-c35843-S8351125360632431735_preprocessed.cnf,random,unif-k3-r4.267-v8400-c35843-S8351125360632431735.cnf,train,0.14430414588519805,0.16984465653552308,0.991904761904762,3,2770,2767,923,0.5
random_train_preprocessed/unif-k6-r43.37-v145-c6289-S8176914501320509365_preprocessed.cnf,random,unif-k6-r43.37-v145-c6289-S8176914501320509365.cnf,train,0.14539478513368606,0.1624657833248797,1.0,1,49,48,49,0.5
random_train_preprocessed/unif-k4-r9.931-v2300-c22841-S7432026215476498245_preprocessed.cnf,random,unif-k4-r9.931-v2300-c22841-S7432026215476498245.cnf,train,0.14366508882005016,0.1615291247942682,0.9991304347826088,1,756,755,756,0.5
random_train_preprocessed/unif-k6-r43.37-v235-c10192-S6042121810088406344_preprocessed.cnf,random,unif-k6-r43.37-v235-c10192-S6042121810088406344.cnf,train,0.14497293620237078,0.16476344555171152,1.0,1,80,79,80,0.5
random_train_preprocessed/unif-k5-r21.117-v390-c8236-S4741441170604298184_preprocessed.cnf,random,unif-k5-r21.117-v390-c8236-S4741441170604298184.cnf,train,0.14391719803943567,0.16110212392159934,1.0,1,145,144,145,0.5
random_train_preprocessed/unif-k5-r21.117-v430-c9080-S9131312328040432303_preprocessed.cnf,random,unif-k5-r21.117-v430-c9080-S9131312328040432303.cnf,train,0.1440738101311087,0.16200574830689088,1.0,1,130,129,130,0.5
random_train_preprocessed/unif-k7-r87.79-v150-c13169-S1391982409282094419_preprocessed.cnf,random,unif-k7-r87.79-v150-c13169-S1391982409282094419.cnf,train,0.14433181842890525,0.1676578672632364,1.0,1,58,57,58,0.5
random_train_preprocessed/unif-k6-r43.37-v240-c10409-S1098328606488761044_preprocessed.cnf,random,unif-k6-r43.37-v240-c10409-S1098328606488761044.cnf,train,0.14436513850280824,0.16086087890192838,1.0,1,73,72,73,0.5
random_train_preprocessed/unif-k6-r43.37-v225-c9758-S2077098134338842159_preprocessed.cnf,random,unif-k6-r43.37-v225-c9758-S2077098134338842159.cnf,train,0.14500266218287908,0.16460531474010445,1.0,1,72,71,72,0.5
random_train_preprocessed/unif-k4-r9.5-v500000-c4750000-S502206726734404322_preprocessed.cnf,random,unif-k4-r9.5-v500000-c4750000-S502206726734404322.cnf,train,0.14530361490005222,0.16699039752274306,0.997992,3,166180,166177,55393,0.5
random_train_preprocessed/unif-k4-r9.931-v2550-c25324-S6336380774520604718_preprocessed.cnf,random,unif-k4-r9.931-v2550-c25324-S6336380774520604718.cnf,train,0.14354115005642884,0.16222873736402016,0.9976470588235294,1,860,859,860,0.5
random_train_preprocessed/unif-k5-r21.117-v470-c9925-S2951816331045523616_preprocessed.cnf,random,unif-k5-r21.117-v470-c9925-S2951816331045523616.cnf,train,0.14409669403063988,0.16250905452688852,1.0,1,134,133,134,0.5
random_train_preprocessed/unif-k7-r87.79-v108-c9481-S656022899423208225_preprocessed.cnf,random,unif-k7-r87.79-v108-c9481-S656022899423208225.cnf,train,0.14433429317541258,0.16756246554619694,1.0,1,28,27,28,0.5
random_train_preprocessed/unif-k4-r9.931-v1400-c13903-S3369064687179724582_preprocessed.cnf,random,unif-k4-r9.931-v1400-c13903-S3369064687179724582.cnf,train,0.14410366100426347,0.16190290902036006,0.9985714285714286,1,448,447,448,0.5
random_train_preprocessed/unif-k4-r9.931-v1700-c16883-S9029530188338078272_preprocessed.cnf,random,unif-k4-r9.931-v1700-c16883-S9029530188338078272.cnf,train,0.14433022152428232,0.1624683440753591,1.0,1,583,582,583,0.5
random_train_preprocessed/unif-k7-r87.79-v117-c10271-S8090334669616583459_preprocessed.cnf,random,unif-k7-r87.79-v117-c10271-S8090334669616583459.cnf,train,0.14562956402587696,0.16483849352991706,1.0,1,37,36,37,0.5
random_train_preprocessed/unif-k4-r9.931-v1600-c15890-S319433948686066525_preprocessed.cnf,random,unif-k4-r9.931-v1600-c15890-S319433948686066525.cnf,train,0.1438218768421163,0.16379158107416822,0.99625,1,527,526,527,0.5
random_train_preprocessed/unif-k3-r4.267-v6600-c28162-S3797084160407151089_preprocessed.cnf,random,unif-k3-r4.267-v6600-c28162-S3797084160407151089.cnf,train,0.14401784719950506,0.16679923102307254,0.9957575757575756,3,2174,2171,724,0.5
random_train_preprocessed/unif-k4-r9.931-v1800-c17876-S1818609464196232012_preprocessed.cnf,random,unif-k4-r9.931-v1800-c17876-S1818609464196232012.cnf,train,0.1437788031766911,0.15999665994437626,0.9988888888888888,1,593,592,593,0.5
random_train_preprocessed/unif-k4-r9.931-v2100-c20855-S1269422278144924683_preprocessed.cnf,random,unif-k4-r9.931-v2100-c20855-S1269422278144924683.cnf,train,0.14396718462865588,0.1617388105871567,0.9990476190476192,1,682,681,682,0.5
random_train_preprocessed/unif-k3-r4.267-v9200-c39256-S7269667990342035874_preprocessed.cnf,random,unif-k3-r4.267-v9200-c39256-S7269667990342035874.cnf,train,0.14415611967703867,0.16854665749283892,0.9930434782608696,3,3096,3093,1032,0.5
random_train_preprocessed/unif-k3-r4.267-v9600-c40963-S5794853178900413693_preprocessed.cnf,random,unif-k3-r4.267-v9600-c40963-S5794853178900413693.cnf,train,0.14403230153021535,0.16855042346648566,0.9920833333333332,3,3158,3155,1052,0.5
random_train_preprocessed/unif-k3-r4.267-v7600-c32429-S1620497728707916057_preprocessed.cnf,random,unif-k3-r4.267-v7600-c32429-S1620497728707916057.cnf,train,0.14370264830253351,0.16716725820867964,0.9936842105263158,3,2523,2520,841,0.5
random_train_preprocessed/unif-k7-r87.79-v96-c8428-S8219156183752037364_preprocessed.cnf,random,unif-k7-r87.79-v96-c8428-S8219156183752037364.cnf,train,0.1444003037255976,0.1640168128654971,1.0,1,33,32,33,0.5
random_train_preprocessed/unif-k4-r9.931-v1250-c12414-S1591424391077478030_preprocessed.cnf,random,unif-k4-r9.931-v1250-c12414-S1591424391077478030.cnf,train,0.1440926782323404,0.1657117489987771,0.9984,1,384,383,384,0.5
random_train_preprocessed/unif-k7-r87.79-v141-c12378-S9201465393803039172_preprocessed.cnf,random,unif-k7-r87.79-v141-c12378-S9201465393803039172.cnf,train,0.14543719162164453,0.16225003053884907,1.0,1,37,36,37,0.5
random_train_preprocessed/unif-k4-r9.931-v1300-c12910-S3868808778548513299_preprocessed.cnf,random,unif-k4-r9.931-v1300-c12910-S3868808778548513299.cnf,train,0.1446698431119348,0.1640227276964385,0.9969230769230768,1,440,439,440,0.5
random_train_preprocessed/unif-k5-r21.117-v300-c6335-S2452858860423748669_preprocessed.cnf,random,unif-k5-r21.117-v300-c6335-S2452858860423748669.cnf,train,0.1443015261123398,0.16211659591435235,1.0,1,122,121,122,0.5
random_train_preprocessed/unif-k3-r4.267-v7200-c30722-S1235353901766925985_preprocessed.cnf,random,unif-k3-r4.267-v7200-c30722-S1235353901766925985.cnf,train,0.1439746499553845,0.1683149135008079,0.9927777777777778,3,2393,2390,797,0.5
random_train_preprocessed/unif-k4-r9.931-v1750-c17379-S8098969898369357174_preprocessed.cnf,random,unif-k4-r9.931-v1750-c17379-S8098969898369357174.cnf,train,0.14369824193542474,0.16263950504275804,0.9965714285714286,1,563,562,563,0.5
random_train_preprocessed/unif-k6-r43.37-v185-c8023-S5257503014988207806_preprocessed.cnf,random,unif-k6-r43.37-v185-c8023-S5257503014988207806.cnf,train,0.14512609749722236,0.1646831722207847,1.0,1,53,52,53,0.5
random_train_preprocessed/unif-k6-r43.37-v190-c8240-S7559224295350259069_preprocessed.cnf,random,unif-k6-r43.37-v190-c8240-S7559224295350259069.cnf,train,0.14437676101727664,0.1638484827656541,1.0,1,64,63,64,0.5
random_train_preprocessed/unif-k5-r21.117-v510-c10770-S7067622012789100344_preprocessed.cnf,random,unif-k5-r21.117-v510-c10770-S7067622012789100344.cnf,train,0.1440100307336412,0.16202916642727802,1.0,1,155,154,155,0.5
random_train_preprocessed/unif-k7-r87.79-v147-c12905-S22120580586502415_preprocessed.cnf,random,unif-k7-r87.79-v147-c12905-S22120580586502415.cnf,train,0.14531826166980027,0.16841631816271374,1.0,1,56,55,56,0.5
random_train_preprocessed/unif-k4-r9.931-v2350-c23338-S721751558479007788_preprocessed.cnf,random,unif-k4-r9.931-v2350-c23338-S721751558479007788.cnf,train,0.14378956091210685,0.16168359798611934,0.9974468085106384,1,795,794,795,0.5
random_train_preprocessed/unif-k5-r21.117-v480-c10136-S7034096995206564441_preprocessed.cnf,random,unif-k5-r21.117-v480-c10136-S7034096995206564441.cnf,train,0.14402343005560464,0.16299863387489028,1.0,1,149,148,149,0.5
random_train_preprocessed/unif-k5-r21.117-v490-c10347-S1710199454841331586_preprocessed.cnf,random,unif-k5-r21.117-v490-c10347-S1710199454841331586.cnf,train,0.1440211103965725,0.16410327494762098,1.0,1,171,170,171,0.5
random_train_preprocessed/unif-k4-r9.931-v2250-c22345-S4886338036688793305_preprocessed.cnf,random,unif-k4-r9.931-v2250-c22345-S4886338036688793305.cnf,train,0.1439381557201113,0.16182248519303294,0.9991111111111112,1,783,782,783,0.5
random_train_preprocessed/unif-k6-r43.37-v155-c6722-S7754415847195789708_preprocessed.cnf,random,unif-k6-r43.37-v155-c6722-S7754415847195789708.cnf,train,0.14532691407733306,0.16305634012189693,1.0,1,45,44,45,0.5
random_train_preprocessed/unif-k4-r9.931-v2000-c19862-S3476564604335658742_preprocessed.cnf,random,unif-k4-r9.931-v2000-c19862-S3476564604335658742.cnf,train,0.14382119673987293,0.16037853632307988,1.0,1,646,645,646,0.5
random_train_preprocessed/unif-k5-r21.117-v370-c7813-S8877553557031567703_preprocessed.cnf,random,unif-k5-r21.117-v370-c7813-S8877553557031567703.cnf,train,0.1440917151411274,0.16173484780056974,1.0,1,111,110,111,0.5
sc14-app_test_preprocessed/UCG-15-10p0.cnf,sc14-app,UCG-15-10p0.cnf,test,0.12620605648863478,0.1184171246749397,0.9913097579576928,15,66470,66455,4431,0.5
sc14-app_test_preprocessed/003-80-8.cnf,sc14-app,003-80-8.cnf,test,0.12644269668246186,0.11315669137155945,0.9998508353221957,4,4612,4608,1153,0.5
sc14-app_test_preprocessed/UCG-20-10p1.cnf,sc14-app,UCG-20-10p1.cnf,test,0.1266719234238854,0.11997320260144745,0.9896936642263692,16,86114,86098,5382,0.5
sc14-app_test_preprocessed/UTI-20-10p1.cnf,sc14-app,UTI-20-10p1.cnf,test,0.1254838398478836,0.12029056808769115,0.9906123483725252,75,86756,86681,1156,0.5
sc14-app_test_preprocessed/slp-synthesis-aes-top28.cnf,sc14-app,slp-synthesis-aes-top28.cnf,test,0.1107815530843683,0.1360229582189755,0.8728538596728403,4,29431,29427,7357,0.5
sc14-app_test_preprocessed/009-80-4.cnf,sc14-app,009-80-4.cnf,test,0.12644269668246186,0.11315669137155945,0.9998508353221957,4,4384,4380,1096,0.5
sc14-app_test_preprocessed/MD5-28-2.cnf,sc14-app,MD5-28-2.cnf,test,0.11455070295074662,0.0924563885608304,0.9987925621830476,6,2629,2623,438,0.5
sc14-app_test_preprocessed/grieu-vmpc-31.cnf,sc14-app,grieu-vmpc-31.cnf,test,0.14363492336151476,0.1536099514565656,1.0,1,318,317,318,0.5
sc14-app_test_preprocessed/beempgsol2b1.cnf,sc14-app,beempgsol2b1.cnf,test,0.11969890509843545,0.10933814230087396,0.9962201390988812,6,8741,8735,1456,0.5
sc14-app_test_preprocessed/slp-synthesis-aes-top29.cnf,sc14-app,slp-synthesis-aes-top29.cnf,test,0.10877808513439904,0.13531705511282488,0.8733447019937262,4,31660,31656,7915,0.5
sc14-app_test_preprocessed/UTI-20-10p0.cnf,sc14-app,UTI-20-10p0.cnf,test,0.12509520612697347,0.1196933959114842,0.9901623936891408,75,86557,86482,1154,0.5
sc14-app_test_preprocessed/q_query_3_L80_coli.sat.cnf,sc14-app,q_query_3_L80_coli.sat.cnf,test,0.09029995202634897,0.2706274301123657,0.5886865042623161,5,84661,84656,16932,0.5
sc14-app_test_preprocessed/MD5-30-2.cnf,sc14-app,MD5-30-2.cnf,test,0.11373386494057072,0.0924759159120709,0.9991013255448212,6,3008,3002,501,0.5
sc14-app_test_preprocessed/gss-18-s100.cnf,sc14-app,gss-18-s100.cnf,test,0.13989518298348802,0.15557146803922695,0.9167198061471752,7,10518,10511,1502,0.5
sc14-app_test_preprocessed/pb_300_10_lb_08.cnf,sc14-app,pb_300_10_lb_08.cnf,test,0.12986320288357067,0.10347867517068972,0.9999714114182796,20,46388,46368,2319,0.5
sc14-app_test_preprocessed/E02F22.cnf,sc14-app,E02F22.cnf,test,0.05981143095688976,0.029022120205112988,1.0,3,4456,4453,1485,0.5
sc14-app_test_preprocessed/complete-400-0.1-12-98765432140012.cnf,sc14-app,complete-400-0.1-12-98765432140012.cnf,test,0.10228355975193723,0.09964500630456496,1.0,1,268,267,268,0.5
sc14-app_test_preprocessed/minxorminand064.cnf,sc14-app,minxorminand064.cnf,test,0.08194445182144153,0.08410129587987855,0.9974027271365068,7,13405,13398,1915,0.5
sc14-app_test_preprocessed/vmpc_32.renamed-as.sat05-1919.cnf,sc14-app,vmpc_32.renamed-as.sat05-1919.cnf,test,0.14398208272410676,0.15653595009735885,1.0,1,315,314,315,0.5
sc14-app_test_preprocessed/008-80-4.cnf,sc14-app,008-80-4.cnf,test,0.12644269668246186,0.11315669137155945,0.9998508353221957,4,4459,4455,1114,0.5
sc14-app_test_preprocessed/009-80-8.cnf,sc14-app,009-80-8.cnf,test,0.12644269668246186,0.11315669137155945,0.9998508353221957,4,4616,4612,1154,0.5
sc14-app_test_preprocessed/6s11-opt.cnf,sc14-app,6s11-opt.cnf,test,0.12899497715060912,0.12311815019885568,0.9837740384615384,6,10981,10975,1830,0.5
sc14-app_test_preprocessed/002-80-8.cnf,sc14-app,002-80-8.cnf,test,0.12644269668246186,0.11315669137155945,0.9998508353221957,4,4453,4449,1113,0.5
sc14-app_test_preprocessed/complete-500-0.1-8-9876543215008.cnf,sc14-app,complete-500-0.1-8-9876543215008.cnf,test,0.10221299387381563,0.09954778734620646,1.0,1,341,340,341,0.5
sc14-app_test_preprocessed/aes_64_1_keyfind_1.cnf,sc14-app,aes_64_1_keyfind_1.cnf,test,0.09750642877393484,0.09410967750175447,1.0,4,202,198,50,0.5
sc14-app_test_preprocessed/6s16-opt.cnf,sc14-app,6s16-opt.cnf,test,0.12688519443061436,0.12255617671259993,0.9805346483259798,6,10417,10411,1736,0.5
sc14-app_test_preprocessed/MD5-29-2.cnf,sc14-app,MD5-29-2.cnf,test,0.11479240705602715,0.0930988790596497,0.99953434225844,6,2838,2832,473,0.5
sc14-app_test_preprocessed/beempgsol5b1.cnf,sc14-app,beempgsol5b1.cnf,test,0.11969890509843545,0.10933814230087396,0.9962201390988812,6,8803,8797,1467,0.5
sc14-app_test_preprocessed/korf-17.cnf,sc14-app,korf-17.cnf,test,0.06166229970974725,0.03525010925568637,1.0,3,2247,2244,749,0.5
sc14-app_test_preprocessed/MD5-32-4.cnf,sc14-app,MD5-32-4.cnf,test,0.11438753778859335,0.09198452623311916,0.9989504617968094,6,3146,3140,524,0.5
sc14-app_test_preprocessed/aes_24_4_keyfind_4.cnf,sc14-app,aes_24_4_keyfind_4.cnf,test,0.07951407487315316,0.03459539802633397,1.0,4,179,175,44,0.5
sc14-app_test_preprocessed/stable-400-0.1-7-9876543214007.cnf,sc14-app,stable-400-0.1-7-9876543214007.cnf,test,0.14434406353257592,0.16535764411027554,1.0,1,141,140,141,0.5
sc14-app_test_preprocessed/E02F20.cnf,sc14-app,E02F20.cnf,test,0.06339506588057868,0.03278660617413672,1.0,3,3466,3463,1155,0.5
sc14-app_test_preprocessed/korf-18.cnf,sc14-app,korf-18.cnf,test,0.060937152331464885,0.033581589305958934,1.0,3,2592,2589,864,0.5
sc14-app_test_preprocessed/q_query_3_l48_lambda.cnf,sc14-app,q_query_3_l48_lambda.cnf,test,0.1204145345781965,0.21842126518923466,0.8450484764542936,4,11783,11779,2945,0.5
sc14-app_test_preprocessed/008-80-12.cnf,sc14-app,008-80-12.cnf,test,0.12644269668246186,0.11315669137155945,0.9998508353221957,4,4593,4589,1148,0.5
sc14-app_test_preprocessed/AProVE07-27.cnf,sc14-app,AProVE07-27.cnf,test,0.11351112730111168,0.11575098169135628,0.989391979301423,4,2593,2589,648,0.5
sc14-app_test_preprocessed/bob12m02.cnf,sc14-app,bob12m02.cnf,test,0.1281847213935236,0.12184577661138978,0.9995442114858706,8,8860,8852,1107,0.5
sc14-app_test_preprocessed/partial-10-17-s.cnf,sc14-app,partial-10-17-s.cnf,test,0.1111621412505312,0.10492077061062027,0.9935563733690196,15,99897,99882,6659,0.5
sc14-app_test_preprocessed/AProVE07-08.cnf,sc14-app,AProVE07-08.cnf,test,0.11821854796562167,0.12248156600292892,0.9705244906805376,5,1485,1480,297,0.5
sc14-app_test_preprocessed/UR-15-10p1.cnf,sc14-app,UR-15-10p1.cnf,test,0.12784481850182952,0.1189193311914913,0.991079821596432,13,66594,66581,5122,0.5
sc14-app_test_preprocessed/hwmcc10-timeframe-expansion-k50-pdtpmsns2-tseitin.cnf,sc14-app,hwmcc10-timeframe-expansion-k50-pdtpmsns2-tseitin.cnf,test,0.13435536047873267,0.11517900189457528,0.9951104672220208,22,28991,28969,1317,0.5
sc14-app_test_preprocessed/MD5-31-4.cnf,sc14-app,MD5-31-4.cnf,test,0.11420044079347184,0.09116158310400488,0.9989151659796052,6,2947,2941,491,0.5
sc14-app_test_preprocessed/6s184.cnf,sc14-app,6s184.cnf,test,0.12677154862723547,0.124855864197112,0.969311915607768,6,11212,11206,1868,0.5
sc14-app_test_preprocessed/9dlx_vliw_at_b_iq3.cnf,sc14-app,9dlx_vliw_at_b_iq3.cnf,test,0.0985732471262568,0.11286081327799515,0.9979080097435162,2,23117,23115,11558,0.5
sc14-app_test_preprocessed/aes_32_2_keyfind_3.cnf,sc14-app,aes_32_2_keyfind_3.cnf,test,0.09605730290518613,0.061921242336806535,0.9962121212121212,4,181,177,45,0.5
sc14-app_test_preprocessed/bob12m09-opt.cnf,sc14-app,bob12m09-opt.cnf,test,0.1321280432288189,0.1147857637005785,0.9907320506804316,7,17485,17478,2497,0.5
sc14-app_test_preprocessed/aaai10-planning-ipc5-pathways-17-step21.cnf,sc14-app,aaai10-planning-ipc5-pathways-17-step21.cnf,test,0.10860863074519343,0.09558083763319536,0.92040059347181,10,18092,18082,1809,0.5
sc14-app_test_preprocessed/MD5-32-3.cnf,sc14-app,MD5-32-3.cnf,test,0.1148461975540001,0.09286509887240592,0.9985306465155332,6,3182,3176,530,0.5
sc14-app_test_preprocessed/bob12s09-opt.cnf,sc14-app,bob12s09-opt.cnf,test,0.13242588652999965,0.11463750268546845,0.9906472567895436,8,17021,17013,2127,0.5
sc14-app_test_preprocessed/smtlib-qfbv-aigs-lfsr_004_127_112-tseitin.cnf,sc14-app,smtlib-qfbv-aigs-lfsr_004_127_112-tseitin.cnf,test,0.09416801395968463,0.11205058202362626,1.0,74,116327,116253,1571,0.5
sc14-app_test_preprocessed/smtlib-qfbv-aigs-ext_con_032_008_0256-tseitin.cnf,sc14-app,smtlib-qfbv-aigs-ext_con_032_008_0256-tseitin.cnf,test,0.11076467027443204,0.08764517991234963,1.0,15,9065,9050,604,0.5
sc14-app_test_preprocessed/q_query_3_L90_coli.sat.cnf,sc14-app,q_query_3_L90_coli.sat.cnf,test,0.0908039386078105,0.2668629851004857,0.6036373664448703,5,94329,94324,18865,0.5
sc14-app_test_preprocessed/MD5-32-2.cnf,sc14-app,MD5-32-2.cnf,test,0.11500021373884013,0.09307720119860594,0.99895002099958,6,3230,3224,538,0.5
sc14-app_test_preprocessed/6s10.cnf,sc14-app,6s10.cnf,test,0.12846502728898576,0.12274098708520935,0.9801203397829163,6,11242,11236,1873,0.5
sc14-app_test_preprocessed/post-c32s-ss-8.cnf,sc14-app,post-c32s-ss-8.cnf,test,0.1078299328819942,0.1143102187779708,0.9990325941360322,20,17882,17862,894,0.5
sc14-app_test_preprocessed/stable-400-0.1-5-9876543214005.cnf,sc14-app,stable-400-0.1-5-9876543214005.cnf,test,0.1443467825032396,0.16473117167919793,1.0,1,103,102,103,0.5
sc14-app_test_preprocessed/MD5-29-4.cnf,sc14-app,MD5-29-4.cnf,test,0.11456929180512924,0.09355208196766177,0.99930151338766,6,3021,3015,503,0.5
sc14-app_test_preprocessed/complete-300-0.1-18-98765432130018.cnf,sc14-app,complete-300-0.1-18-98765432130018.cnf,test,0.10238820847429707,0.09989034314638916,1.0,1,174,173,174,0.5
sc14-app_test_preprocessed/MD5-30-4.cnf,sc14-app,MD5-30-4.cnf,test,0.11469602258726955,0.09381495354192383,0.9993262968785088,6,3011,3005,501,0.5
sc14-app_test_preprocessed/MD5-32-1.cnf,sc14-app,MD5-32-1.cnf,test,0.1146855635595006,0.09289713754245277,0.9995801847187238,6,3252,3246,542,0.5
sc14-app_test_preprocessed/dated-10-11-u.cnf,sc14-app,dated-10-11-u.cnf,test,0.1091291708034794,0.10022127585711528,0.9923727618779078,13,47370,47357,3643,0.5
sc14-app_test_preprocessed/UCG-20-5p0.cnf,sc14-app,UCG-20-5p0.cnf,test,0.12574997491142806,0.11833259969822615,0.990186474789392,15,75370,75355,5024,0.5
sc14-app_test_preprocessed/010-80-12.cnf,sc14-app,010-80-12.cnf,test,0.12644269668246186,0.11315669137155945,0.9998508353221957,4,4492,4488,1123,0.5
sc14-app_test_preprocessed/stable-400-0.1-4-9876543214004.cnf,sc14-app,stable-400-0.1-4-9876543214004.cnf,test,0.14436179166585947,0.16127424812030075,1.0,1,158,157,158,0.5
sc14-app_test_preprocessed/atco_enc1_opt2_20_12.cnf,sc14-app,atco_enc1_opt2_20_12.cnf,test,0.11464315409311256,0.13583334254711427,0.9849837567485452,10,57286,57276,5728,0.5
sc14-app_test_preprocessed/gss-25-s100.cnf,sc14-app,gss-25-s100.cnf,test,0.1399793550487199,0.155403401023051,0.9168858825003132,7,10918,10911,1559,0.5
sc14-app_test_preprocessed/ACG-15-10p1.cnf,sc14-app,ACG-15-10p1.cnf,test,0.12745662248225145,0.1261769141428411,0.9868783037225358,15,89323,89308,5954,0.5
sc14-app_test_preprocessed/MD5-28-5.cnf,sc14-app,MD5-28-5.cnf,test,0.11402493384379407,0.09132226280589248,0.9987922705314008,6,2677,2671,446,0.5
sc14-app_test_preprocessed/complete-300-0.1-8-9876543213008.cnf,sc14-app,complete-300-0.1-8-9876543213008.cnf,test,0.10213449840695643,0.0997242313413696,1.0,1,239,238,239,0.5
sc14-app_test_preprocessed/gss-23-s100.cnf,sc14-app,gss-23-s100.cnf,test,0.1404713455704116,0.15597292278116973,0.9153632694248234,7,10475,10468,1496,0.5
sc14-app_test_preprocessed/MD5-30-5.cnf,sc14-app,MD5-30-5.cnf,test,0.11290584684538725,0.09101567892619024,0.9995508645856724,6,2944,2938,490,0.5
sc14-app_test_preprocessed/UR-20-5p0.cnf,sc14-app,UR-20-5p0.cnf,test,0.12806306014644925,0.12277586869371053,0.990061005477134,13,75573,75560,5813,0.5
sc14-app_test_preprocessed/AProVE07-03.cnf,sc14-app,AProVE07-03.cnf,test,0.11215339504645246,0.12125624731138784,0.9730250481695568,5,1069,1064,213,0.5
sc14-app_test_preprocessed/ACG-15-10p0.cnf,sc14-app,ACG-15-10p0.cnf,test,0.12661851239658672,0.12574203222477412,0.9862270928184128,15,87541,87526,5836,0.5
sc14-app_test_preprocessed/dated-10-17-u.cnf,sc14-app,dated-10-17-u.cnf,test,0.11108783090985463,0.10506562703971584,0.9938573868190848,14,76810,76796,5486,0.5
sc14-app_test_preprocessed/ACG-20-10p1.cnf,sc14-app,ACG-20-10p1.cnf,test,0.12164224307206704,0.11679055119293895,0.9837781759879279,15,126253,126238,8416,0.5
sc14-app_test_preprocessed/dated-5-13-u.cnf,sc14-app,dated-5-13-u.cnf,test,0.10976996939055343,0.10157416313420756,0.9911532476514322,13,45931,45918,3533,0.5
sc14-app_train_preprocessed/openstacks-sequencedstrips-nonadl-nonnegated-os-sequencedstrips-p30_1.025-NOTKNOWN_preprocessed.cnf,sc14-app,openstacks-sequencedstrips-nonadl-nonnegated-os-sequencedstrips-p30_1.025-NOTKNOWN.cnf,train,0.08370882149193833,0.08515860530201183,0.9953905464297688,11,31578,31567,2870,0.5
sc14-app_train_preprocessed/7pipe_k_preprocessed.cnf,sc14-app,7pipe_k.cnf,train,0.11175730319828614,0.14128282103575354,0.9982434127979924,2,8014,8012,4007,0.5
sc14-app_train_preprocessed/bob12s02_preprocessed.cnf,sc14-app,bob12s02.cnf,train,0.12842824644603262,0.12235040616149655,0.9996957480794098,8,8617,8609,1077,0.5
sc14-app_train_preprocessed/complete-300-0.1-7-9876543213007_preprocessed.cnf,sc14-app,complete-300-0.1-7-9876543213007.cnf,train,0.10251621316186882,0.10006050881049999,1.0,1,193,192,193,0.5
sc14-app_train_preprocessed/q_query_3_l46_lambda_preprocessed.cnf,sc14-app,q_query_3_l46_lambda.cnf,train,0.12031007022680858,0.219328194894882,0.8447869446962829,4,10939,10935,2734,0.5
sc14-app_train_preprocessed/dated-10-13-u_preprocessed.cnf,sc14-app,dated-10-13-u.cnf,train,0.11149316379355532,0.10333854748731834,0.9925141743444366,14,60297,60283,4306,0.5
sc14-app_train_preprocessed/UR-20-10p1_preprocessed.cnf,sc14-app,UR-20-10p1.cnf,train,0.12808039510305114,0.12206584577325127,0.9897852905097324,14,85918,85904,6137,0.5
sc14-app_train_preprocessed/AProVE09-06_preprocessed.cnf,sc14-app,AProVE09-06.cnf,train,0.11173892267773328,0.09816558416154468,0.9985762729414202,6,25749,25743,4291,0.5
sc14-app_train_preprocessed/gss-22-s100_preprocessed.cnf,sc14-app,gss-22-s100.cnf,train,0.13989001342105653,0.15458484357179772,0.916497975708502,7,10469,10462,1495,0.5
sc14-app_train_preprocessed/MD5-32-5_preprocessed.cnf,sc14-app,MD5-32-5.cnf,train,0.11465019093222645,0.09315126427981417,0.9987413467589681,6,3172,3166,528,0.5
sc14-app_train_preprocessed/countbitssrl032_preprocessed.cnf,sc14-app,countbitssrl032.cnf,train,0.13289678568658575,0.14326603002647184,0.942390369733448,14,6059,6045,432,0.5
sc14-app_train_preprocessed/UR-20-10p0_preprocessed.cnf,sc14-app,UR-20-10p0.cnf,train,0.1276844585221098,0.12166799810625654,0.9898756482290112,14,86949,86935,6210,0.5
sc14-app_train_preprocessed/gss-24-s100_preprocessed.cnf,sc14-app,gss-24-s100.cnf,train,0.13930785414119706,0.15358374697588728,0.9168499780026396,7,10586,10579,1512,0.5
sc14-app_train_preprocessed/MD5-28-3_preprocessed.cnf,sc14-app,MD5-28-3.cnf,train,0.11442168999706916,0.09205430278405057,0.999033349444176,6,2739,2733,456,0.5
sc14-app_train_preprocessed/001-80-12_preprocessed.cnf,sc14-app,001-80-12.cnf,train,0.1263956907784125,0.11315212345326126,0.9998508353221957,4,4503,4499,1125,0.5
sc14-app_train_preprocessed/stable-400-0.1-11-98765432140011_preprocessed.cnf,sc14-app,stable-400-0.1-11-98765432140011.cnf,train,0.1443497243149729,0.16405388471177934,1.0,1,137,136,137,0.5
sc14-app_train_preprocessed/ctl_4291_567_5_unsat_pre_preprocessed.cnf,sc14-app,ctl_4291_567_5_unsat_pre.cnf,train,0.1064340095464458,0.10321354621577987,0.9944852941176472,4,5055,5051,1263,0.5
sc14-app_train_preprocessed/rpoc_xits_15_SAT_preprocessed.cnf,sc14-app,rpoc_xits_15_SAT.cnf,train,0.0967144919166207,0.1924497206029632,0.7718120805369127,2,747,745,373,0.5
sc14-app_train_preprocessed/6s16_preprocessed.cnf,sc14-app,6s16.cnf,train,0.12753916233428775,0.1229931482693486,0.9770056533062312,6,10377,10371,1729,0.5
sc14-app_train_preprocessed/006-80-4_preprocessed.cnf,sc14-app,006-80-4.cnf,train,0.1263956907784125,0.11315212345326126,0.9998508353221957,4,4526,4522,1131,0.5
sc14-app_train_preprocessed/hwmcc10-timeframe-expansion-k45-pdtvisns3p02-tseitin_preprocessed.cnf,sc14-app,hwmcc10-timeframe-expansion-k45-pdtvisns3p02-tseitin.cnf,train,0.13206231620287395,0.10425105819485506,0.996663040422437,25,54850,54825,2194,0.5
sc14-app_train_preprocessed/6s167-opt_preprocessed.cnf,sc14-app,6s167-opt.cnf,train,0.13240960850139116,0.13692981065683926,0.9706896551724138,6,1541,1535,256,0.5
sc14-app_train_preprocessed/complete-400-0.1-7-9876543214007_preprocessed.cnf,sc14-app,complete-400-0.1-7-9876543214007.cnf,train,0.10209704402694562,0.09954090899347047,1.0,1,277,276,277,0.5
sc14-app_train_preprocessed/complete-400-0.1-16-98765432140016_preprocessed.cnf,sc14-app,complete-400-0.1-16-98765432140016.cnf,train,0.10190181481779713,0.0994604104709425,1.0,1,284,283,284,0.5
sc14-app_train_preprocessed/MD5-29-3_preprocessed.cnf,sc14-app,MD5-29-3.cnf,train,0.11439384072208195,0.0933968776657343,0.9993016759776536,6,2848,2842,474,0.5
sc14-app_train_preprocessed/MD5-30-1_preprocessed.cnf,sc14-app,MD5-30-1.cnf,train,0.11430119234444636,0.09367456163666953,0.9986525937570178,6,2903,2897,483,0.5
sc14-app_train_preprocessed/IBM_FV_2004_rule_batch_1_31_1_SAT_dat.k40.debugged_preprocessed.cnf,sc14-app,IBM_FV_2004_rule_batch_1_31_1_SAT_dat.k40.debugged.cnf,train,0.1293717482587041,0.17049240935162965,0.9160628479902372,17,17467,17450,1027,0.5
sc14-app_train_preprocessed/vmpc_33_preprocessed.cnf,sc14-app,vmpc_33.cnf,train,0.14389522414004766,0.15554131080913233,1.0,1,391,390,391,0.5
sc14-app_train_preprocessed/complete-300-0.1-4-9876543213004_preprocessed.cnf,sc14-app,complete-300-0.1-4-9876543213004.cnf,train,0.10235509708112528,0.1000097352864416,1.0,1,205,204,205,0.5
sc14-app_train_preprocessed/partial-10-11-s_preprocessed.cnf,sc14-app,partial-10-11-s.cnf,train,0.11186015710994704,0.10343962321332324,0.9920403682121444,14,63661,63647,4547,0.5
sc14-app_train_preprocessed/rbcl_xits_08_UNSAT_preprocessed.cnf,sc14-app,rbcl_xits_08_UNSAT.cnf,train,0.0999364824993176,0.22464886505167336,0.7089201877934272,2,404,402,202,0.5
sc14-app_train_preprocessed/minxor128_preprocessed.cnf,sc14-app,minxor128.cnf,train,0.07629247493510558,0.07942591093908734,0.999852556305061,8,17860,17852,2232,0.5
sc14-app_train_preprocessed/atco_enc2_opt1_05_21_preprocessed.cnf,sc14-app,atco_enc2_opt1_05_21.cnf,train,0.11180124472125434,0.11205856227468666,0.9905897336116322,7,18798,18791,2685,0.5
sc14-app_train_preprocessed/pb_300_10_lb_07_preprocessed.cnf,sc14-app,pb_300_10_lb_07.cnf,train,0.13225162559093834,0.10654023339984203,1.0,20,46240,46220,2312,0.5
sc14-app_train_preprocessed/MD5-27-4_preprocessed.cnf,sc14-app,MD5-27-4.cnf,train,0.1157528170127135,0.09347929761886606,0.9982425307557118,6,2595,2589,432,0.5
sc14-app_train_preprocessed/AProVE07-01_preprocessed.cnf,sc14-app,AProVE07-01.cnf,train,0.10413873738990284,0.10490501626324936,0.9800053319114904,5,2514,2509,502,0.5
sc14-app_train_preprocessed/002-80-12_preprocessed.cnf,sc14-app,002-80-12.cnf,train,0.1263956907784125,0.11315212345326126,0.9998508353221957,4,4398,4394,1099,0.5
sc14-app_train_preprocessed/MD5-28-1_preprocessed.cnf,sc14-app,MD5-28-1.cnf,train,0.11473251520271024,0.09259949266729693,0.9983095870562666,6,2839,2833,473,0.5
sc14-app_train_preprocessed/aaai10-planning-ipc5-TPP-21-step11_preprocessed.cnf,sc14-app,aaai10-planning-ipc5-TPP-21-step11.cnf,train,0.11208776709402796,0.08477556629394532,0.972206625491297,6,33709,33703,5618,0.5
sc14-app_train_preprocessed/partial-5-15-s_preprocessed.cnf,sc14-app,partial-5-15-s.cnf,train,0.110875966530784,0.10403270762255694,0.9942607119646306,14,72894,72880,5206,0.5
sc14-app_train_preprocessed/velev-vliw-uns-2.0-uq5_preprocessed.cnf,sc14-app,velev-vliw-uns-2.0-uq5.cnf,train,0.1007900156628107,0.1167951538264066,0.9988132128964201,2,50474,50472,25237,0.5
sc14-app_train_preprocessed/005-80-12_preprocessed.cnf,sc14-app,005-80-12.cnf,train,0.1263956907784125,0.11315212345326126,0.9998508353221957,4,4537,4533,1134,0.5
sc14-app_train_preprocessed/hwmcc10-timeframe-expansion-k45-pdtpmsgoodbakery-tseitin_preprocessed.cnf,sc14-app,hwmcc10-timeframe-expansion-k45-pdtpmsgoodbakery-tseitin.cnf,train,0.1312611905591488,0.1273905353684909,0.9766111425568044,27,32722,32695,1211,0.5
sc14-app_train_preprocessed/UR-15-10p0_preprocessed.cnf,sc14-app,UR-15-10p0.cnf,train,0.12792690949383814,0.1194227356259284,0.9916202518942244,13,66208,66195,5092,0.5
sc14-app_train_preprocessed/hwmcc10-timeframe-expansion-k50-pdtvisns3p00-tseitin_preprocessed.cnf,sc14-app,hwmcc10-timeframe-expansion-k50-pdtvisns3p00-tseitin.cnf,train,0.1322696271729605,0.104648670791363,0.9966725941764945,26,61033,61007,2347,0.5
sc14-app_train_preprocessed/MD5-31-5_preprocessed.cnf,sc14-app,MD5-31-5.cnf,train,0.11482180017776247,0.09383783758613656,0.9991323210412149,6,3126,3120,521,0.5
sc14-app_train_preprocessed/004-80-8_preprocessed.cnf,sc14-app,004-80-8.cnf,train,0.1263956907784125,0.11315212345326126,0.9998508353221957,4,4244,4240,1061,0.5
sc14-app_train_preprocessed/8pipe_k_preprocessed.cnf,sc14-app,8pipe_k.cnf,train,0.1099586316650427,0.14567377880126142,0.9971482347573148,2,11696,11694,5848,0.5
sc14-app_train_preprocessed/stable-400-0.1-12-98765432140012_preprocessed.cnf,sc14-app,stable-400-0.1-12-98765432140012.cnf,train,0.1443520660613565,0.1635142543859648,1.0,1,125,124,125,0.5
sc14-app_train_preprocessed/6s153_preprocessed.cnf,sc14-app,6s153.cnf,train,0.13015403152135058,0.12304837539646207,0.9916633584755856,15,28671,28656,1911,0.5
sc14-app_train_preprocessed/007-80-8_preprocessed.cnf,sc14-app,007-80-8.cnf,train,0.1263956907784125,0.11315212345326126,0.9998508353221957,4,4482,4478,1120,0.5
sc14-app_train_preprocessed/aes_32_2_keyfind_1_preprocessed.cnf,sc14-app,aes_32_2_keyfind_1.cnf,train,0.09626883219904253,0.06199932415564929,0.9962121212121212,4,155,151,38,0.5
sc14-app_train_preprocessed/aaai10-planning-ipc5-pathways-13-step17_preprocessed.cnf,sc14-app,aaai10-planning-ipc5-pathways-13-step17.cnf,train,0.10998679617348826,0.09481803030118313,0.9261860174781524,9,8492,8483,943,0.5
sc14-app_train_preprocessed/aaai10-planning-ipc5-pathways-17-step20_preprocessed.cnf,sc14-app,aaai10-planning-ipc5-pathways-17-step20.cnf,train,0.10819767332775647,0.09471800925307086,0.9227892915390428,10,16920,16910,1692,0.5
sc14-app_train_preprocessed/bob12m02-opt_preprocessed.cnf,sc14-app,bob12m02-opt.cnf,train,0.12916022106857028,0.12299355993240732,0.9996191346739792,8,8415,8407,1051,0.5
sc14-app_train_preprocessed/UCG-15-10p1_preprocessed.cnf,sc14-app,UCG-15-10p1.cnf,train,0.12706327029411973,0.12055250681213965,0.9902501949960999,15,66266,66251,4417,0.5
sc14-app_train_preprocessed/007-80-12_preprocessed.cnf,sc14-app,007-80-12.cnf,train,0.1263956907784125,0.11315212345326126,0.9998508353221957,4,4495,4491,1123,0.5
sc14-app_train_preprocessed/gss-20-s100_preprocessed.cnf,sc14-app,gss-20-s100.cnf,train,0.13975921707373834,0.15396686509774868,0.9190578974098528,7,10290,10283,1470,0.5
sc14-app_train_preprocessed/6s168-opt_preprocessed.cnf,sc14-app,6s168-opt.cnf,train,0.13059809100906308,0.1436034591123817,0.9514012061014544,6,1931,1925,321,0.5
sc14-app_train_preprocessed/008-80-8_preprocessed.cnf,sc14-app,008-80-8.cnf,train,0.1263956907784125,0.11315212345326126,0.9998508353221957,4,4518,4514,1129,0.5
sc14-app_train_preprocessed/complete-400-0.1-3-9876543214003_preprocessed.cnf,sc14-app,complete-400-0.1-3-9876543214003.cnf,train,0.10215479215913573,0.0996489866420116,1.0,1,323,322,323,0.5
sc14-app_train_preprocessed/UCG-20-5p1_preprocessed.cnf,sc14-app,UCG-20-5p1.cnf,train,0.1270527316361124,0.12109808623021664,0.9893060012623008,15,75074,75059,5004,0.5
sc14-app_train_preprocessed/9dlx_vliw_at_b_iq4_preprocessed.cnf,sc14-app,9dlx_vliw_at_b_iq4.cnf,train,0.10029922985410077,0.11592323854764268,0.9983021110419379,2,35313,35311,17656,0.5
sc14-app_train_preprocessed/partial-5-17-s_preprocessed.cnf,sc14-app,partial-5-17-s.cnf,train,0.11156751787656537,0.10541819926050074,0.993096287371992,14,84676,84662,6048,0.5
sc14-app_train_preprocessed/vmpc_29_preprocessed.cnf,sc14-app,vmpc_29.cnf,train,0.1448901683322169,0.16237179900505322,1.0,1,309,308,309,0.5
sc14-app_train_preprocessed/rbcl_xits_14_SAT_preprocessed.cnf,sc14-app,rbcl_xits_14_SAT.cnf,train,0.09877433439338572,0.18076808808051864,0.7927927927927928,2,773,771,386,0.5
sc14-app_train_preprocessed/q_query_3_l45_lambda_preprocessed.cnf,sc14-app,q_query_3_l45_lambda.cnf,train,0.12034288611121972,0.21973496204430126,0.8447112706566813,4,10863,10859,2715,0.5
sc14-app_train_preprocessed/openstacks-sequencedstrips-nonadl-nonnegated-os-sequencedstrips-p30_3.025-NOTKNOWN_preprocessed.cnf,sc14-app,openstacks-sequencedstrips-nonadl-nonnegated-os-sequencedstrips-p30_3.025-NOTKNOWN.cnf,train,0.08345354850457097,0.08429847017199213,0.9949924572577942,11,31860,31849,2896,0.5
sc14-app_train_preprocessed/dimacs_preprocessed.cnf,sc14-app,dimacs.cnf,train,0.132887119096952,0.1157548303742087,0.9717912552891396,6,951,945,158,0.5
sc14-app_train_preprocessed/MD5-29-5_preprocessed.cnf,sc14-app,MD5-29-5.cnf,train,0.11409177511819465,0.09311679034240414,0.9990689013035382,6,2871,2865,478,0.5
sc14-app_train_preprocessed/stable-300-0.1-20-98765432130020_preprocessed.cnf,sc14-app,stable-300-0.1-20-98765432130020.cnf,train,0.14436401478465696,0.16232502425435014,1.0,1,109,108,109,0.5
sc14-app_train_preprocessed/complete-500-0.1-1-9876543215001_preprocessed.cnf,sc14-app,complete-500-0.1-1-9876543215001.cnf,train,0.1018944489057414,0.09932562163392547,1.0,1,330,329,330,0.5
sc14-app_train_preprocessed/atco_enc1_opt1_05_21_preprocessed.cnf,sc14-app,atco_enc1_opt1_05_21.cnf,train,0.10420214404836804,0.09867314269281813,0.9910615276050944,8,20012,20004,2501,0.5
sc14-app_train_preprocessed/gss-19-s100_preprocessed.cnf,sc14-app,gss-19-s100.cnf,train,0.13915223505060298,0.15317869353845842,0.9194554014505664,7,10691,10684,1527,0.5
sc14-app_train_preprocessed/6s165-nonopt_preprocessed.cnf,sc14-app,6s165-nonopt.cnf,train,0.1263627873402321,0.11888726854802438,1.0,5,1178,1173,235,0.5
sc14-app_train_preprocessed/aes_24_4_keyfind_5_preprocessed.cnf,sc14-app,aes_24_4_keyfind_5.cnf,train,0.07930755705710417,0.034572473982391154,1.0,4,171,167,42,0.5
sc14-app_train_preprocessed/stable-400-0.1-2-9876543214002_preprocessed.cnf,sc14-app,stable-400-0.1-2-9876543214002.cnf,train,0.14434517073265005,0.1651027255639097,1.0,1,118,117,118,0.5
sc14-app_train_preprocessed/UTI-20-5p1_preprocessed.cnf,sc14-app,UTI-20-5p1.cnf,train,0.12558421313915455,0.12082691919132267,0.9903419703796821,66,74928,74862,1135,0.5
sc14-app_train_preprocessed/6s151_preprocessed.cnf,sc14-app,6s151.cnf,train,0.13605493873161578,0.12353794452442535,0.9910266414000668,29,11812,11783,407,0.5
sc14-app_train_preprocessed/002-80-4_preprocessed.cnf,sc14-app,002-80-4.cnf,train,0.1263956907784125,0.11315212345326126,0.9998508353221957,4,4576,4572,1144,0.5
sc14-app_train_preprocessed/maxxor032_preprocessed.cnf,sc14-app,maxxor032.cnf,train,0.12964676108869902,0.12995445008139322,0.9953172205438068,6,4417,4411,736,0.5
sc14-app_train_preprocessed/MD5-28-4_preprocessed.cnf,sc14-app,MD5-28-4.cnf,train,0.11354976362713545,0.09064024427452698,0.999034049746438,6,2854,2848,475,0.5
sc14-app_train_preprocessed/total-10-13-u_preprocessed.cnf,sc14-app,total-10-13-u.cnf,train,0.11102311751718208,0.1027599885636256,0.9922725986702504,14,75220,75206,5372,0.5
sc14-app_train_preprocessed/aes_32_3_keyfind_1_preprocessed.cnf,sc14-app,aes_32_3_keyfind_1.cnf,train,0.11930856716057615,0.12133497859402778,0.9717514124293786,4,228,224,57,0.5
sc14-app_train_preprocessed/c10bi_i_preprocessed.cnf,sc14-app,c10bi_i.cnf,train,0.11493091913582212,0.091945029370817,0.9995970089105808,7,44732,44725,6390,0.5
sc14-app_train_preprocessed/UCG-20-10p0_preprocessed.cnf,sc14-app,UCG-20-10p0.cnf,train,0.12659110544563626,0.12025861907963002,0.9891808346213292,16,86206,86190,5387,0.5
sc14-crft_test_preprocessed/rook-60-0-1.cnf,sc14-crft,rook-60-0-1.cnf,test,0.13105501043498946,0.10806730925823084,0.9999910345260402,3,73795,73792,24598,0.5
sc14-crft_test_preprocessed/crn_20_361_s.cnf,sc14-crft,crn_20_361_s.cnf,test,0.12837240180687334,0.11958126093281478,1.0,118,2701,2583,22,0.5
sc14-crft_test_preprocessed/ezfact64_3.sat05-450.reshuffled-07.cnf,sc14-crft,ezfact64_3.sat05-450.reshuffled-07.cnf,test,0.08563918204995231,0.06678698084496631,1.0,4,1029,1025,257,0.5
sc14-crft_test_preprocessed/fsf-300-354-2-2-3-2.94.opt.cnf,sc14-crft,fsf-300-354-2-2-3-2.94.opt.cnf,test,0.08102788542412749,0.0876116957475229,1.0,3,1174,1171,391,0.5
sc14-crft_test_preprocessed/EDP3-10000.cnf,sc14-crft,EDP3-10000.cnf,test,0.1311854981108028,0.12489180350071505,0.9966484000391428,4,27176,27172,6794,0.5
sc14-crft_test_preprocessed/fsf-300-354-2-2-3-2.89.opt.cnf,sc14-crft,fsf-300-354-2-2-3-2.89.opt.cnf,test,0.08178902533127935,0.08777059997087208,1.0,3,1129,1126,376,0.5
sc14-crft_test_preprocessed/edges-025-4-7932777-1-00.cnf,sc14-crft,edges-025-4-7932777-1-00.cnf,test,0.1299212376713567,0.15496613310553126,1.0,2,41,39,20,0.5
sc14-crft_test_preprocessed/edges-025-4-3369333-1-00.cnf,sc14-crft,edges-025-4-3369333-1-00.cnf,test,0.12961330003844404,0.14924073736935226,1.0,3,38,35,12,0.5
sc14-crft_test_preprocessed/SAT_instance_N=69.cnf,sc14-crft,SAT_instance_N=69.cnf,test,0.09689410719610124,0.07577334876435443,1.0,11,12610,12599,1146,0.5
sc14-crft_test_preprocessed/SAT_instance_N=77.cnf,sc14-crft,SAT_instance_N=77.cnf,test,0.09813656880897204,0.07689638564915349,1.0,11,15861,15850,1441,0.5
sc14-crft_test_preprocessed/edges-072-3-7925777-19.cnf,sc14-crft,edges-072-3-7925777-19.cnf,test,0.14879606107161825,0.14770340363511658,1.0,6,69,63,11,0.5
sc14-crft_test_preprocessed/rook-63-1-1.cnf,sc14-crft,rook-63-1-1.cnf,test,0.13770965745487462,0.11776783432364285,0.9999922437329362,3,85722,85719,28574,0.5
sc14-crft_test_preprocessed/mod2-rand3bip-sat-270-2.sat05-2249.reshuffled-07.cnf,sc14-crft,mod2-rand3bip-sat-270-2.sat05-2249.reshuffled-07.cnf,test,0.13723555325402753,0.16397347965249195,1.0,3,86,83,28,0.5
sc14-crft_test_preprocessed/EDP3-9000.cnf,sc14-crft,EDP3-9000.cnf,test,0.13419967598517324,0.12734555057819388,0.995924773522042,4,24209,24205,6052,0.5
sc14-crft_test_preprocessed/sgen1-sat-230-100.cnf,sc14-crft,sgen1-sat-230-100.cnf,test,0.13878864309080136,0.18114209199747952,1.0,2,85,83,42,0.5
sc14-crft_test_preprocessed/sgen1-sat-250-100.cnf,sc14-crft,sgen1-sat-250-100.cnf,test,0.13945360722352862,0.18311478787878774,1.0,2,73,71,36,0.5
sc14-crft_test_preprocessed/crafted_n11_d6_c4_num19.cnf,sc14-crft,crafted_n11_d6_c4_num19.cnf,test,0.07960542561046814,0.1067619608653983,1.0,2,15926,15924,7963,0.5
sc14-crft_test_preprocessed/EDP3-17000.cnf,sc14-crft,EDP3-17000.cnf,test,0.13492809184931365,0.12637063641998786,0.9979453350996242,5,49240,49235,9848,0.5
sc14-crft_test_preprocessed/sgen6-1440-5-1.cnf,sc14-crft,sgen6-1440-5-1.cnf,test,0.13868119265342047,0.18208530618686888,1.0,2,104,102,52,0.5
sc14-crft_test_preprocessed/SAT_instance_N=49.cnf,sc14-crft,SAT_instance_N=49.cnf,test,0.09793288006109334,0.0768788689925927,1.0,10,6561,6551,656,0.5
sc14-crft_test_preprocessed/LABS_n051_goal004.cnf,sc14-crft,LABS_n051_goal004.cnf,test,0.1415207449320022,0.12744713737734015,0.9967280049219756,4,23774,23770,5943,0.5
sc14-crft_test_preprocessed/crafted_n12_d6_c4_num4.cnf,sc14-crft,crafted_n12_d6_c4_num4.cnf,test,0.0841557571802586,0.12486493317174675,1.0,3,18545,18542,6181,0.5
sc14-crft_test_preprocessed/LABS_n044_goal003.cnf,sc14-crft,LABS_n044_goal003.cnf,test,0.1413951168671933,0.12985571951650746,0.9962186318322448,4,15639,15635,3909,0.5
sc14-crft_test_preprocessed/crafted_n10_d6_c2_num13.cnf,sc14-crft,crafted_n10_d6_c2_num13.cnf,test,0.08805823040175445,0.1147401035145857,1.0,3,7857,7854,2619,0.5
sc14-crft_test_preprocessed/sgen6-1320-5-1.cnf,sc14-crft,sgen6-1320-5-1.cnf,test,0.13918296210739742,0.182056035562234,1.0,2,54,52,27,0.5
sc14-crft_test_preprocessed/edges-025-4-1237111-1-00.cnf,sc14-crft,edges-025-4-1237111-1-00.cnf,test,0.1285493580068124,0.1439237983204261,1.0,2,33,31,16,0.5
sc14-crft_test_preprocessed/SAT_instance_N=75.cnf,sc14-crft,SAT_instance_N=75.cnf,test,0.09851020880182608,0.07713094069191365,1.0,11,15195,15184,1381,0.5
sc14-crft_test_preprocessed/EDP3-20000.cnf,sc14-crft,EDP3-20000.cnf,test,0.13319428341723932,0.1260156941824278,0.9962782514548654,5,59172,59167,11834,0.5
sc14-crft_test_preprocessed/edges-070-3-10062999-36.cnf,sc14-crft,edges-070-3-10062999-36.cnf,test,0.14686814651590355,0.14510770975056694,1.0,5,60,55,12,0.5
sc14-crft_test_preprocessed/5-SATISFIABLE.cnf,sc14-crft,5-SATISFIABLE.cnf,test,0.13465396019373002,0.14133838835664375,1.0,3,39182,39179,13060,0.5
sc14-crft_test_preprocessed/rook-42-0-0.cnf,sc14-crft,rook-42-0-0.cnf,test,0.14183004285180498,0.11101672305565044,1.0,3,26114,26111,8704,0.5
sc14-crft_test_preprocessed/LABS_n052_goal004.cnf,sc14-crft,LABS_n052_goal004.cnf,test,0.14036195421206474,0.12508937539388307,0.9970415764171378,4,24817,24813,6204,0.5
sc14-crft_test_preprocessed/hid-uns-enc-6-1-0-0-0-0-3251.cnf,sc14-crft,hid-uns-enc-6-1-0-0-0-0-3251.cnf,test,0.09783279041581427,0.08197011661880292,1.0,3,638,635,212,0.5
sc14-crft_test_preprocessed/edges-024-4-7880777-1-00.cnf,sc14-crft,edges-024-4-7880777-1-00.cnf,test,0.12901111748926544,0.15105091882645286,1.0,3,34,31,11,0.5
sc14-crft_test_preprocessed/sgen3-n220-s24359701-sat.cnf,sc14-crft,sgen3-n220-s24359701-sat.cnf,test,0.1379527314400699,0.18028283871775608,1.0,2,76,74,38,0.5
sc14-crft_test_preprocessed/rook-46-1-1.cnf,sc14-crft,rook-46-1-1.cnf,test,0.14907659472914944,0.13228964555051212,0.999980290517768,3,33932,33929,11310,0.5
sc14-crft_test_preprocessed/edges-072-3-1161111-15.cnf,sc14-crft,edges-072-3-1161111-15.cnf,test,0.14538614264638686,0.14240397805212618,1.0,5,57,52,11,0.5
sc14-crft_test_preprocessed/edges-025-4-10169999-1-00.cnf,sc14-crft,edges-025-4-10169999-1-00.cnf,test,0.13582192193205084,0.1558483995499974,1.0,3,45,42,15,0.5
sc14-crft_test_preprocessed/sgen4-sat-200-8.cnf,sc14-crft,sgen4-sat-200-8.cnf,test,0.13893077354330727,0.1831645833333332,1.0,2,69,67,34,0.5
sc14-crft_test_preprocessed/edges-024-4-7787777-1-00.cnf,sc14-crft,edges-024-4-7787777-1-00.cnf,test,0.13079878764946687,0.14483093694487034,1.0,2,31,29,15,0.5
sc14-crft_test_preprocessed/sgen1-sat-240-100.cnf,sc14-crft,sgen1-sat-240-100.cnf,test,0.13862890699307265,0.1831376262626262,1.0,2,70,68,35,0.5
sc14-crft_test_preprocessed/em_7_4_8_cmp.cnf,sc14-crft,em_7_4_8_cmp.cnf,test,0.10468023907698144,0.1021508755805687,0.9950556242274412,2,540,538,270,0.5
sc14-crft_test_preprocessed/toughsat_factoring_958s.cnf,sc14-crft,toughsat_factoring_958s.cnf,test,0.07509393836981193,0.06527294175326966,1.0,4,586,582,146,0.5
sc14-crft_test_preprocessed/LABS_n066_goal005.cnf,sc14-crft,LABS_n066_goal005.cnf,test,0.14162187735605533,0.1244706460480426,0.99797868430724,4,51027,51023,12756,0.5
sc14-crft_test_preprocessed/crafted_n12_d6_c4_num23.cnf,sc14-crft,crafted_n12_d6_c4_num23.cnf,test,0.08572090125757757,0.12508538126453134,1.0,2,18434,18432,9217,0.5
sc14-crft_test_preprocessed/SAT_instance_N=93.cnf,sc14-crft,SAT_instance_N=93.cnf,test,0.09935890625565684,0.07877380445010615,1.0,11,23235,23224,2112,0.5
sc14-crft_test_preprocessed/edges-024-4-1208111-1-00.cnf,sc14-crft,edges-024-4-1208111-1-00.cnf,test,0.1291419269196077,0.1488519097723051,1.0,3,33,30,11,0.5
sc14-crft_test_preprocessed/crafted_n12_d5_c4_num6.cnf,sc14-crft,crafted_n12_d5_c4_num6.cnf,test,0.10185497314061392,0.15696731415733586,1.0,2,5581,5579,2790,0.5
sc14-crft_test_preprocessed/edges-025-4-7780777-1-00.cnf,sc14-crft,edges-025-4-7780777-1-00.cnf,test,0.1297672223953831,0.15451332969223372,1.0,3,24,21,8,0.5
sc14-crft_test_preprocessed/mod2-rand3bip-sat-270-1.sat05-2248.reshuffled-07.cnf,sc14-crft,mod2-rand3bip-sat-270-1.sat05-2248.reshuffled-07.cnf,test,0.1392425205199067,0.16687471422039302,1.0,3,99,96,33,0.5
sc14-crft_test_preprocessed/em_7_4_9_all.cnf,sc14-crft,em_7_4_9_all.cnf,test,0.11525354806385928,0.11840530213403938,1.0,2,530,528,265,0.5
sc14-crft_test_preprocessed/crafted_n11_d6_c3_num17.cnf,sc14-crft,crafted_n11_d6_c3_num17.cnf,test,0.08280259046246602,0.10847019690780306,1.0,3,12176,12173,4058,0.5
sc14-crft_test_preprocessed/crafted_n10_d6_c3_num5.cnf,sc14-crft,crafted_n10_d6_c3_num5.cnf,test,0.08481176831874035,0.12015370725561007,1.0,3,10963,10960,3654,0.5
sc14-crft_test_preprocessed/mod2-rand3bip-sat-230-2.sat05-2189.reshuffled-07.cnf,sc14-crft,mod2-rand3bip-sat-230-2.sat05-2189.reshuffled-07.cnf,test,0.14050630311162812,0.16766225582860744,1.0,3,85,82,28,0.5
sc14-crft_test_preprocessed/fsf-300-354-2-2-3-2.58.opt.cnf,sc14-crft,fsf-300-354-2-2-3-2.58.opt.cnf,test,0.08231499617181831,0.08852842568840992,1.0,3,1191,1188,397,0.5
sc14-crft_test_preprocessed/SAT_instance_N=72.cnf,sc14-crft,SAT_instance_N=72.cnf,test,0.0990749070862748,0.07778239352540002,1.0,12,13733,13721,1144,0.5
sc14-crft_test_preprocessed/rook-57-1-1.cnf,sc14-crft,rook-57-1-1.cnf,test,0.11030950458050838,0.08502542850873764,1.0,3,63629,63626,21209,0.5
sc14-crft_test_preprocessed/rbsat-v1150c84314gyes7.cnf,sc14-crft,rbsat-v1150c84314gyes7.cnf,test,0.14583855221307845,0.1703180164421978,1.0,1,391,390,391,0.5
sc14-crft_test_preprocessed/tph17.cnf,sc14-crft,tph17.cnf,test,0.1070763189270704,0.06340721700444882,1.0,1,207,206,207,0.5
sc14-crft_test_preprocessed/edges-070-3-1250111-33.cnf,sc14-crft,edges-070-3-1250111-33.cnf,test,0.14412022827664994,0.14210317460317462,1.0,5,54,49,10,0.5
sc14-crft_test_preprocessed/hid-uns-enc-9-1-0-0-0-0-24642.cnf,sc14-crft,hid-uns-enc-9-1-0-0-0-0-24642.cnf,test,0.08994876253495575,0.08627240742657077,0.9988335925349924,4,3478,3474,869,0.5
sc14-crft_test_preprocessed/hid-uns-enc-7-1-0-0-0-0-3557.cnf,sc14-crft,hid-uns-enc-7-1-0-0-0-0-3557.cnf,test,0.0902938443883615,0.0796389770015711,1.0,3,1296,1293,432,0.5
sc14-crft_test_preprocessed/EDP3-13000.cnf,sc14-crft,EDP3-13000.cnf,test,0.13523005236276747,0.1277473742220182,0.9982677509937641,5,36484,36479,7296,0.5
sc14-crft_test_preprocessed/toughsat_factoring_inf.cnf,sc14-crft,toughsat_factoring_inf.cnf,test,0.06781197960411912,0.05764681832451528,0.9993050729673384,4,948,944,237,0.5
sc14-crft_test_preprocessed/hid-uns-enc-6-1-0-0-0-0-31380.cnf,sc14-crft,hid-uns-enc-6-1-0-0-0-0-31380.cnf,test,0.09783279041581427,0.08197011661880292,1.0,3,620,617,206,0.5
sc14-crft_test_preprocessed/rook-65-1-1.cnf,sc14-crft,rook-65-1-1.cnf,test,0.11566726227987725,0.09357925919450456,1.0,3,94482,94479,31494,0.5
sc14-crft_test_preprocessed/ndist.b.27485.cnf,sc14-crft,ndist.b.27485.cnf,test,0.1402625270311223,0.14336348248059247,0.9970668741498692,9222,119056,109834,12,0.5
sc14-crft_test_preprocessed/edges-070-3-7857777-1.cnf,sc14-crft,edges-070-3-7857777-1.cnf,test,0.14296205405004875,0.14026077097505668,1.0,5,62,57,12,0.5
sc14-crft_test_preprocessed/rook-54-0-0.cnf,sc14-crft,rook-54-0-0.cnf,test,0.13803516791792705,0.10934864938185973,1.0,3,54210,54207,18070,0.5
sc14-crft_test_preprocessed/jkkk-random-132906006493326-10-10-35-OR-sat.cnf,sc14-crft,jkkk-random-132906006493326-10-10-35-OR-sat.cnf,test,0.10191664282939243,0.09769210739507284,0.9999033022288836,3,13876,13873,4625,0.5
sc14-crft_test_preprocessed/ccp-s8-facto2.cnf,sc14-crft,ccp-s8-facto2.cnf,test,0.10619497369250328,0.11991136433214995,1.0,2,184,182,92,0.5
sc14-crft_test_preprocessed/EDP3-90000.cnf,sc14-crft,EDP3-90000.cnf,test,0.1345223995094413,0.1250163909516211,0.995846834336265,5,311430,311425,62286,0.5
sc14-crft_test_preprocessed/ndist.b.25489.cnf,sc14-crft,ndist.b.25489.cnf,test,0.14090505593664154,0.14382539814441636,0.9970725818620794,8459,110192,101733,13,0.5
sc14-crft_test_preprocessed/rook-76-1-1.cnf,sc14-crft,rook-76-1-1.cnf,test,0.13335387499769066,0.10794369577386438,1.0,3,150938,150935,50312,0.5
sc14-crft_test_preprocessed/VanDerWaerden_pd_2-3-20_388.cnf,sc14-crft,VanDerWaerden_pd_2-3-20_388.cnf,test,0.14439932930284194,0.15841763525524294,1.0,1,62,61,62,0.5
sc14-crft_test_preprocessed/connm-ue-csp-sat-n1200-d0.02-s1099787414.sat05-542.reshuffled-07.cnf,sc14-crft,connm-ue-csp-sat-n1200-d0.02-s1099787414.sat05-542.reshuffled-07.cnf,test,0.14487316915560308,0.15533097199816814,0.9983108108108107,3,393,390,131,0.5
sc14-crft_test_preprocessed/rook-40-0-0.cnf,sc14-crft,rook-40-0-0.cnf,test,0.14073815097791445,0.11124963614711036,1.0,3,22717,22714,7572,0.5
sc14-crft_test_preprocessed/sgen1-sat-270-100.cnf,sc14-crft,sgen1-sat-270-100.cnf,test,0.13883688886103615,0.1832643305482812,1.0,2,81,79,40,0.5
sc14-crft_test_preprocessed/jkkk-random-132906006148277-10-10-34-SUM-sat.cnf,sc14-crft,jkkk-random-132906006148277-10-10-34-SUM-sat.cnf,test,0.10213694813162216,0.08678813644828304,1.0,3,13205,13202,4401,0.5
sc14-crft_test_preprocessed/ndist.b.23992.cnf,sc14-crft,ndist.b.23992.cnf,test,0.13762378158909258,0.14157362157262954,1.0,8028,104082,96054,12,0.5
sc14-crft_test_preprocessed/edges-024-4-10183999-1-00.cnf,sc14-crft,edges-024-4-10183999-1-00.cnf,test,0.12986213706820915,0.15261983207567226,1.0,2,49,47,24,0.5
sc14-crft_test_preprocessed/crafted_n10_d6_c3_num1.cnf,sc14-crft,crafted_n10_d6_c3_num1.cnf,test,0.08546695010160886,0.12023469363576632,1.0,3,11021,11018,3673,0.5
sc14-crft_test_preprocessed/rook-54-1-1.cnf,sc14-crft,rook-54-1-1.cnf,test,0.12075892381644013,0.09679595048344347,1.0,3,54784,54781,18261,0.5
sc14-crft_test_preprocessed/hid-uns-enc-6-1-0-0-0-0-26462.cnf,sc14-crft,hid-uns-enc-6-1-0-0-0-0-26462.cnf,test,0.09783279041581427,0.08197011661880292,1.0,3,647,644,215,0.5
sc14-crft_test_preprocessed/sgen3-n200-s39840374-sat.cnf,sc14-crft,sgen3-n200-s39840374-sat.cnf,test,0.13939615184547596,0.18281647727272726,1.0,2,82,80,41,0.5
sc14-crft_test_preprocessed/jkkk-random-132906006427000-10-10-35-OR-sat.cnf,sc14-crft,jkkk-random-132906006427000-10-10-35-OR-sat.cnf,test,0.10139734845147244,0.09635226242501224,0.9999516814843448,3,13924,13921,4641,0.5
sc14-crft_test_preprocessed/mod2c-rand3bip-sat-240-3.shuffled-as.sat05-2520.cnf,sc14-crft,mod2c-rand3bip-sat-240-3.shuffled-as.sat05-2520.cnf,test,0.13898296117432682,0.11034629717964356,1.0,3,126,123,42,0.5
sc14-crft_test_preprocessed/ndist.b.20998.cnf,sc14-crft,ndist.b.20998.cnf,test,0.1342397214372972,0.13502463023065886,1.0,6987,90490,83503,12,0.5
sc14-crft_test_preprocessed/rook-47-1-1.cnf,sc14-crft,rook-47-1-1.cnf,test,0.12748006051440994,0.10168074253839454,1.0,3,36378,36375,12126,0.5
sc14-crft_test_preprocessed/crafted_n10_d6_c2_num16.cnf,sc14-crft,crafted_n10_d6_c2_num16.cnf,test,0.08452173660569537,0.11440826249773198,1.0,3,7828,7825,2609,0.5
sc14-crft_test_preprocessed/em_14_7_3_cmp.cnf,sc14-crft,em_14_7_3_cmp.cnf,test,0.13186387986325288,0.15410735959731134,1.0,2,8012,8010,4006,0.5
sc14-crft_test_preprocessed/EDP3-40000.cnf,sc14-crft,EDP3-40000.cnf,test,0.132733417337043,0.1244060572244004,0.9963123179043504,5,127403,127398,25480,0.5
sc14-crft_test_preprocessed/rook-72-1-1.cnf,sc14-crft,rook-72-1-1.cnf,test,0.11423129673210106,0.09152472731250952,1.0,3,127590,127587,42530,0.5
sc14-crft_test_preprocessed/EDP3-11000.cnf,sc14-crft,EDP3-11000.cnf,test,0.13320271775975476,0.12680578000156845,0.9972734069220284,4,30279,30275,7569,0.5
sc14-crft_test_preprocessed/em_7_4_9_fbc.cnf,sc14-crft,em_7_4_9_fbc.cnf,test,0.1142828634169411,0.11852309594784093,1.0,2,518,516,259,0.5
sc14-crft_test_preprocessed/rbsat-v1150c84314gyes4.cnf,sc14-crft,rbsat-v1150c84314gyes4.cnf,test,0.14711729830278236,0.1721714298385664,0.9982608695652174,1,370,369,370,0.5
sc14-crft_test_preprocessed/jkkk-one-one-10-34-sat.cnf,sc14-crft,jkkk-one-one-10-34-sat.cnf,test,0.07534549479687377,0.052837044640636766,1.0,3,3880,3877,1293,0.5
sc14-crft_test_preprocessed/LABS_n045_goal003.cnf,sc14-crft,LABS_n045_goal003.cnf,test,0.14078456127503086,0.12743835230447695,0.9959765027762132,4,16812,16808,4203,0.5
sc14-crft_test_preprocessed/rook-68-1-1.cnf,sc14-crft,rook-68-1-1.cnf,test,0.1199915395980886,0.0961011765293654,1.0,3,107866,107863,35955,0.5
sc14-crft_test_preprocessed/frb80-14-2.used-as.sat04-880.cnf,sc14-crft,frb80-14-2.used-as.sat04-880.cnf,test,0.14502193088809115,0.15930062659008562,0.9946428571428572,2,369,367,184,0.5
sc14-crft_test_preprocessed/LABS_n078_goal006.cnf,sc14-crft,LABS_n078_goal006.cnf,test,0.14436501099132704,0.12443025555156804,0.9984185217593744,4,82545,82541,20636,0.5
sc14-crft_test_preprocessed/shift1add.15982.cnf,sc14-crft,shift1add.15982.cnf,test,0.12210091596271935,0.15274915991308094,0.9919282358161072,5340,118332,112992,22,0.5
sc14-crft_test_preprocessed/jkkk-random-132906006427000-10-10-36-SUM-sat.cnf,sc14-crft,jkkk-random-132906006427000-10-10-36-SUM-sat.cnf,test,0.10074085137021006,0.08573876715438196,1.0,3,16010,16007,5336,0.5
sc14-crft_test_preprocessed/crafted_n10_d6_c2_num17.cnf,sc14-crft,crafted_n10_d6_c2_num17.cnf,test,0.08544695678143019,0.115046772992099,1.0,3,8066,8063,2688,0.5
sc14-crft_test_preprocessed/sgen4-sat-160-8.cnf,sc14-crft,sgen4-sat-160-8.cnf,test,0.13780066191757784,0.1838183593749999,1.0,2,43,41,21,0.5
sc14-crft_test_preprocessed/rook-61-1-1.cnf,sc14-crft,rook-61-1-1.cnf,test,0.1367388927245268,0.1134684363120622,1.0,3,77944,77941,25981,0.5
sc14-crft_test_preprocessed/shift1add.10000.cnf,sc14-crft,shift1add.10000.cnf,test,0.12203189476846868,0.15239462030502385,0.9907542092439724,3343,73632,70289,22,0.5
sc14-crft_test_preprocessed/rbsat-v1150c84314gyes10.cnf,sc14-crft,rbsat-v1150c84314gyes10.cnf,test,0.14549248061031286,0.17008520210302042,0.9982608695652174,1,426,425,426,0.5
sc14-crft_test_preprocessed/EDP3-8000.cnf,sc14-crft,EDP3-8000.cnf,test,0.13518936968731315,0.12873386124406508,0.9951265524288634,4,21250,21246,5312,0.5
sc14-crft_train_preprocessed/crafted_n12_d6_c3_num10_preprocessed.cnf,sc14-crft,crafted_n12_d6_c3_num10.cnf,train,0.08366829048681243,0.11883535940641853,1.0,3,13929,13926,4643,0.5
sc14-crft_train_preprocessed/mod2-rand3bip-sat-280-1.sat05-2263.reshuffled-07_preprocessed.cnf,sc14-crft,mod2-rand3bip-sat-280-1.sat05-2263.reshuffled-07.cnf,train,0.13824010090153502,0.1660072278911565,1.0,3,95,92,31,0.5
sc14-crft_train_preprocessed/frb45-21-1.used-as.sat04-883_preprocessed.cnf,sc14-crft,frb45-21-1.used-as.sat04-883.cnf,train,0.1463578645389713,0.1695793012086553,1.0,1,336,335,336,0.5
sc14-crft_train_preprocessed/SAT_instance_N=43_preprocessed.cnf,sc14-crft,SAT_instance_N=43.cnf,train,0.09906139550446433,0.07766159384604071,1.0,10,4900,4890,490,0.5
sc14-crft_train_preprocessed/SAT_instance_N=31_preprocessed.cnf,sc14-crft,SAT_instance_N=31.cnf,train,0.09976667480787944,0.07745150107102139,1.0,10,2665,2655,266,0.5
sc14-crft_train_preprocessed/LABS_n038_goal002_preprocessed.cnf,sc14-crft,LABS_n038_goal002.cnf,train,0.13902825938718086,0.12806231303819754,0.9943506536162384,4,10205,10201,2551,0.5
sc14-crft_train_preprocessed/EDP3-19000_preprocessed.cnf,sc14-crft,EDP3-19000.cnf,train,0.12941501383158244,0.1230279653845062,0.9981010163742552,5,55880,55875,11176,0.5
sc14-crft_train_preprocessed/crafted_n10_d6_c4_num3_preprocessed.cnf,sc14-crft,crafted_n10_d6_c4_num3.cnf,train,0.08245693363067386,0.11834736341980542,1.0,2,14025,14023,7012,0.5
sc14-crft_train_preprocessed/EDP3-18000_preprocessed.cnf,sc14-crft,EDP3-18000.cnf,train,0.13127450568967006,0.1245535628980563,0.9979710365467042,5,52252,52247,10450,0.5
sc14-crft_train_preprocessed/edges-025-4-5714555-1-00_preprocessed.cnf,sc14-crft,edges-025-4-5714555-1-00.cnf,train,0.12851794387249127,0.14887429336993105,1.0,3,32,29,10,0.5
sc14-crft_train_preprocessed/rook-59-1-1_preprocessed.cnf,sc14-crft,rook-59-1-1.cnf,train,0.12593930145483012,0.10127170684619627,1.0,3,70586,70583,23528,0.5
sc14-crft_train_preprocessed/ezfact64_4.sat05-451.reshuffled-07_preprocessed.cnf,sc14-crft,ezfact64_4.sat05-451.reshuffled-07.cnf,train,0.08755259675162626,0.06798151268250541,1.0,4,947,943,236,0.5
sc14-crft_train_preprocessed/edges-025-4-10106999-1-00_preprocessed.cnf,sc14-crft,edges-025-4-10106999-1-00.cnf,train,0.12886565525066573,0.155246217691076,1.0,2,42,40,21,0.5
sc14-crft_train_preprocessed/rook-55-0-1_preprocessed.cnf,sc14-crft,rook-55-0-1.cnf,train,0.12821598981682292,0.10940548197602742,1.0,3,57517,57514,19172,0.5
sc14-crft_train_preprocessed/rook-42-0-1_preprocessed.cnf,sc14-crft,rook-42-0-1.cnf,train,0.12689302730326327,0.11132925836215027,1.0,3,25867,25864,8622,0.5
sc14-crft_train_preprocessed/crafted_n10_d6_c2_num2_preprocessed.cnf,sc14-crft,crafted_n10_d6_c2_num2.cnf,train,0.08723638162284471,0.11533634709954338,1.0,3,7713,7710,2571,0.5
sc14-crft_train_preprocessed/edges-024-4-5667555-1-00_preprocessed.cnf,sc14-crft,edges-024-4-5667555-1-00.cnf,train,0.1305935959436613,0.14999569814109087,1.0,2,37,35,18,0.5
sc14-crft_train_preprocessed/SAT_instance_N=111_preprocessed.cnf,sc14-crft,SAT_instance_N=111.cnf,train,0.09679327791329208,0.0751603086366759,1.0,11,33095,33084,3008,0.5
sc14-crft_train_preprocessed/edges-072-3-5729555-15_preprocessed.cnf,sc14-crft,edges-072-3-5729555-15.cnf,train,0.14787427674164402,0.14450445816186555,1.0,4,57,53,14,0.5
sc14-crft_train_preprocessed/rook-51-0-0_preprocessed.cnf,sc14-crft,rook-51-0-0.cnf,train,0.1396603207745216,0.1086919576215084,0.9999854807329326,3,45713,45710,15237,0.5
sc14-crft_train_preprocessed/crafted_n11_d6_c4_num1_preprocessed.cnf,sc14-crft,crafted_n11_d6_c4_num1.cnf,train,0.08080914961875862,0.10684535075560668,1.0,2,16229,16227,8114,0.5
sc14-crft_train_preprocessed/EDP3-30000_preprocessed.cnf,sc14-crft,EDP3-30000.cnf,train,0.1294370355849416,0.1228262406387772,0.9981376553152324,5,92342,92337,18468,0.5
sc14-crft_train_preprocessed/crafted_n12_d6_c4_num11_preprocessed.cnf,sc14-crft,crafted_n12_d6_c4_num11.cnf,train,0.08689791323273761,0.12539215268924292,1.0,3,18590,18587,6196,0.5
sc14-crft_train_preprocessed/sgen6-840-5-1_preprocessed.cnf,sc14-crft,sgen6-840-5-1.cnf,train,0.13842246655135312,0.1812043908472479,1.0,2,39,37,19,0.5
sc14-crft_train_preprocessed/fsf-300-354-2-2-3-2.95.opt_preprocessed.cnf,sc14-crft,fsf-300-354-2-2-3-2.95.opt.cnf,train,0.08228136507005322,0.08824365156576627,1.0,3,1182,1179,394,0.5
sc14-crft_train_preprocessed/crafted_n10_d6_c3_num18_preprocessed.cnf,sc14-crft,crafted_n10_d6_c3_num18.cnf,train,0.0908320819672264,0.13006281094784936,1.0,3,11038,11035,3679,0.5
sc14-crft_train_preprocessed/toughsat_factoring_426s_preprocessed.cnf,sc14-crft,toughsat_factoring_426s.cnf,train,0.06983473779197444,0.05986721377051195,1.0,4,692,688,173,0.5
sc14-crft_train_preprocessed/rook-42-1-1_preprocessed.cnf,sc14-crft,rook-42-1-1.cnf,train,0.12896672746145985,0.10700231412506182,0.9999742035341158,3,25818,25815,8606,0.5
sc14-crft_train_preprocessed/ezfact64_5.sat05-452.reshuffled-07_preprocessed.cnf,sc14-crft,ezfact64_5.sat05-452.reshuffled-07.cnf,train,0.08886406490875054,0.0690698277210142,1.0,4,1005,1001,251,0.5
sc14-crft_train_preprocessed/SAT_instance_N=33_preprocessed.cnf,sc14-crft,SAT_instance_N=33.cnf,train,0.09906372854044204,0.07887782941300732,1.0,10,2985,2975,298,0.5
sc14-crft_train_preprocessed/instance_n8_i9_pp_preprocessed.cnf,sc14-crft,instance_n8_i9_pp.cnf,train,0.10993803023736516,0.1254972145296855,0.982741617357002,4,7951,7947,1987,0.5
sc14-crft_train_preprocessed/toughsat_factoring_155s_preprocessed.cnf,sc14-crft,toughsat_factoring_155s.cnf,train,0.07218924376553783,0.06376884912531909,1.0,4,591,587,147,0.5
sc14-crft_train_preprocessed/rook-50-0-0_preprocessed.cnf,sc14-crft,rook-50-0-0.cnf,train,0.13745230438972647,0.10698390590061954,1.0,3,43340,43337,14446,0.5
sc14-crft_train_preprocessed/edges-070-3-10037999-34_preprocessed.cnf,sc14-crft,edges-070-3-10037999-34.cnf,train,0.14345330873461318,0.13991496598639458,1.0,5,69,64,13,0.5
sc14-crft_train_preprocessed/sgen3-n240-s78945233-sat_preprocessed.cnf,sc14-crft,sgen3-n240-s78945233-sat.cnf,train,0.1404185301285546,0.1831760311447812,1.0,2,82,80,41,0.5
sc14-crft_train_preprocessed/mod2-rand3bip-sat-270-1.shuffled-as.sat05-2248_preprocessed.cnf,sc14-crft,mod2-rand3bip-sat-270-1.shuffled-as.sat05-2248.cnf,train,0.13845778009790374,0.16749016918152718,1.0,3,71,68,23,0.5
sc14-crft_train_preprocessed/mod2c-rand3bip-sat-250-3.shuffled-as.sat05-2535_preprocessed.cnf,sc14-crft,mod2c-rand3bip-sat-250-3.shuffled-as.sat05-2535.cnf,train,0.13556508434124007,0.1082199452068464,1.0,3,121,118,40,0.5
sc14-crft_train_preprocessed/rook-47-0-1_preprocessed.cnf,sc14-crft,rook-47-0-1.cnf,train,0.12336669701077325,0.10439897758766364,0.9999815061399616,3,36054,36051,12018,0.5
sc14-crft_train_preprocessed/rook-58-1-1_preprocessed.cnf,sc14-crft,rook-58-1-1.cnf,train,0.13266924125659274,0.10051253350301018,0.9999900853650072,3,67381,67378,22460,0.5
sc14-crft_train_preprocessed/Q3inK11_preprocessed.cnf,sc14-crft,Q3inK11.cnf,train,0.14693186990541834,0.17201101928374654,1.0,1,22,21,22,0.5
sc14-crft_train_preprocessed/sgen6-960-5-1_preprocessed.cnf,sc14-crft,sgen6-960-5-1.cnf,train,0.13971981848086198,0.18244732481060608,1.0,2,49,47,24,0.5
sc14-crft_train_preprocessed/crafted_n10_d6_c4_num8_preprocessed.cnf,sc14-crft,crafted_n10_d6_c4_num8.cnf,train,0.08278259505589103,0.11842534815994248,1.0,2,13971,13969,6985,0.5
sc14-crft_train_preprocessed/crafted_n10_d6_c2_num6_preprocessed.cnf,sc14-crft,crafted_n10_d6_c2_num6.cnf,train,0.08516461195974556,0.1148159487282662,1.0,3,7900,7897,2633,0.5
sc14-crft_train_preprocessed/SAT_instance_N=63_preprocessed.cnf,sc14-crft,SAT_instance_N=63.cnf,train,0.09795010072418242,0.0752675294687036,1.0,11,10732,10721,975,0.5
sc14-crft_train_preprocessed/EDP3-15000_preprocessed.cnf,sc14-crft,EDP3-15000.cnf,train,0.13306863385265724,0.12569548664453273,0.9980106925276638,5,42959,42954,8591,0.5
sc14-crft_train_preprocessed/hid-uns-enc-6-1-0-0-0-0-2907_preprocessed.cnf,sc14-crft,hid-uns-enc-6-1-0-0-0-0-2907.cnf,train,0.09772298231955076,0.08189206260457202,1.0,3,680,677,226,0.5
sc14-crft_train_preprocessed/sgen6-1200-5-1_preprocessed.cnf,sc14-crft,sgen6-1200-5-1.cnf,train,0.13706914480382368,0.18061117424242432,1.0,2,62,60,31,0.5
sc14-crft_train_preprocessed/hid-uns-enc-6-1-0-0-0-0-26808_preprocessed.cnf,sc14-crft,hid-uns-enc-6-1-0-0-0-0-26808.cnf,train,0.09772298231955076,0.08189206260457202,1.0,3,663,660,221,0.5
sc14-crft_train_preprocessed/sgen4-sat-220-8_preprocessed.cnf,sc14-crft,sgen4-sat-220-8.cnf,train,0.13916795510504001,0.1833970385674931,1.0,2,66,64,33,0.5
sc14-crft_train_preprocessed/EDP3-14000_preprocessed.cnf,sc14-crft,EDP3-14000.cnf,train,0.12851969381160866,0.1227817040206422,0.9979352369441506,5,39490,39485,7898,0.5
sc14-crft_train_preprocessed/edges-025-4-10062999-1-00_preprocessed.cnf,sc14-crft,edges-025-4-10062999-1-00.cnf,train,0.12945016808202242,0.1492197310254364,1.0,2,31,29,15,0.5
sc14-crft_train_preprocessed/rook-49-1-1_preprocessed.cnf,sc14-crft,rook-49-1-1.cnf,train,0.1222353908121084,0.09687117627926643,1.0,3,40863,40860,13621,0.5
sc14-crft_train_preprocessed/hid-uns-enc-6-1-0-0-0-0-19851_preprocessed.cnf,sc14-crft,hid-uns-enc-6-1-0-0-0-0-19851.cnf,train,0.09772298231955076,0.08189206260457202,1.0,3,625,622,208,0.5
sc14-crft_train_preprocessed/rook-48-0-1_preprocessed.cnf,sc14-crft,rook-48-0-1.cnf,train,0.1297156511723848,0.11012794164751157,1.0,3,38412,38409,12804,0.5
sc14-crft_train_preprocessed/sat-grid-pbl-0200.sat05-1339.reshuffled-07_preprocessed.cnf,sc14-crft,sat-grid-pbl-0200.sat05-1339.reshuffled-07.cnf,train,0.12228236691122445,0.12446127751978835,1.0,79,13373,13294,169,0.5
sc14-crft_train_preprocessed/SAT_instance_N=55_preprocessed.cnf,sc14-crft,SAT_instance_N=55.cnf,train,0.09801011959679323,0.07739954203432785,1.0,11,8203,8192,745,0.5
sc14-crft_train_preprocessed/rook-52-0-1_preprocessed.cnf,sc14-crft,rook-52-0-1.cnf,train,0.1046279212435524,0.09043576403240848,1.0,3,48758,48755,16252,0.5
sc14-crft_train_preprocessed/hid-uns-enc-7-1-0-0-0-0-11545_preprocessed.cnf,sc14-crft,hid-uns-enc-7-1-0-0-0-0-11545.cnf,train,0.09026925144295188,0.07962764011371687,1.0,3,1281,1278,427,0.5
sc14-crft_train_preprocessed/rook-44-1-1_preprocessed.cnf,sc14-crft,rook-44-1-1.cnf,train,0.1255863914513812,0.1026733450890917,1.0,3,29744,29741,9914,0.5
sc14-crft_train_preprocessed/crafted_n10_d6_c4_num9_preprocessed.cnf,sc14-crft,crafted_n10_d6_c4_num9.cnf,train,0.0844058972283393,0.11908719603428973,1.0,2,14109,14107,7054,0.5
sc14-crft_train_preprocessed/EDP3-16000_preprocessed.cnf,sc14-crft,EDP3-16000.cnf,train,0.13405357169628385,0.1260324857733237,0.9978596323773988,5,46098,46093,9219,0.5
sc14-crft_train_preprocessed/rbsat-v945c61409g10_preprocessed.cnf,sc14-crft,rbsat-v945c61409g10.cnf,train,0.14583418796416475,0.16259985461051946,1.0,1,305,304,305,0.5
sc14-crft_train_preprocessed/hid-uns-enc-6-1-0-0-0-0-3191_preprocessed.cnf,sc14-crft,hid-uns-enc-6-1-0-0-0-0-3191.cnf,train,0.09772298231955076,0.08189206260457202,1.0,3,626,623,208,0.5
sc14-crft_train_preprocessed/mod2c-rand3bip-sat-250-1.shuffled-as.sat05-2533_preprocessed.cnf,sc14-crft,mod2c-rand3bip-sat-250-1.shuffled-as.sat05-2533.cnf,train,0.1370615754507684,0.11486656232122194,0.9828571428571428,3,89,86,29,0.5
sc14-crft_train_preprocessed/em_7_4_8_fbc_preprocessed.cnf,sc14-crft,em_7_4_8_fbc.cnf,train,0.1154089862428422,0.1137170091649142,1.0,2,508,506,254,0.5
sc14-crft_train_preprocessed/edges-072-3-1124111-35_preprocessed.cnf,sc14-crft,edges-072-3-1124111-35.cnf,train,0.14611449265797954,0.14386145404663922,1.0,5,80,75,16,0.5
sc14-crft_train_preprocessed/289-unsat-6x30_preprocessed.cnf,sc14-crft,289-unsat-6x30.cnf,train,0.04620147141467586,0.044641585266585314,1.0,1,221,220,221,0.5
sc14-crft_train_preprocessed/crafted_n10_d6_c2_num9_preprocessed.cnf,sc14-crft,crafted_n10_d6_c2_num9.cnf,train,0.08201872455155107,0.11488131314980407,1.0,3,7813,7810,2604,0.5
sc14-crft_train_preprocessed/rook-56-0-0_preprocessed.cnf,sc14-crft,rook-56-0-0.cnf,train,0.13849798587271211,0.1100115253450827,1.0,3,60219,60216,20073,0.5
sc14-crft_train_preprocessed/em_7_3_6_cmp_preprocessed.cnf,sc14-crft,em_7_3_6_cmp.cnf,train,0.14379102836201613,0.14550687628383402,0.9918588873812756,2,496,494,248,0.5
sc14-crft_train_preprocessed/crafted_n11_d6_c4_num18_preprocessed.cnf,sc14-crft,crafted_n11_d6_c4_num18.cnf,train,0.07983676757451119,0.10707419685072304,1.0,2,16027,16025,8013,0.5
sc14-crft_train_preprocessed/edges-025-4-7957777-1-00_preprocessed.cnf,sc14-crft,edges-025-4-7957777-1-00.cnf,train,0.12945605148068826,0.1447243734274418,1.0,3,38,35,12,0.5
sc14-crft_train_preprocessed/rbsat-v1150c84314gyes5_preprocessed.cnf,sc14-crft,rbsat-v1150c84314gyes5.cnf,train,0.14684414434226795,0.16209476785536034,1.0,1,371,370,371,0.5
sc14-crft_train_preprocessed/rook-44-0-1_preprocessed.cnf,sc14-crft,rook-44-0-1.cnf,train,0.16025885029792272,0.14756187491364212,0.999977519501832,3,29660,29657,9886,0.5
sc14-crft_train_preprocessed/sgen6-1080-5-1_preprocessed.cnf,sc14-crft,sgen6-1080-5-1.cnf,train,0.1393114879528433,0.1829783950617284,1.0,2,61,59,30,0.5
sc14-crft_train_preprocessed/SAT_instance_N=85_preprocessed.cnf,sc14-crft,SAT_instance_N=85.cnf,train,0.09858435126547993,0.07715148078316436,1.0,11,19360,19349,1760,0.5
sc14-crft_train_preprocessed/EDP3-12000_preprocessed.cnf,sc14-crft,EDP3-12000.cnf,train,0.13743757226051867,0.12938247048681364,0.9979457928641232,4,33225,33221,8306,0.5
sc14-crft_train_preprocessed/SAT_instance_N=99_preprocessed.cnf,sc14-crft,SAT_instance_N=99.cnf,train,0.0963770841885271,0.07527350270213236,1.0,11,26506,26495,2409,0.5
sc14-crft_train_preprocessed/crafted_n10_d6_c2_num4_preprocessed.cnf,sc14-crft,crafted_n10_d6_c2_num4.cnf,train,0.0841665494308781,0.11443045304059755,1.0,3,7772,7769,2590,0.5
sc14-crft_train_preprocessed/contest02-ezfact64_10.sat05-449.reshuffled-07_preprocessed.cnf,sc14-crft,contest02-ezfact64_10.sat05-449.reshuffled-07.cnf,test,0.08767343145751916,0.06874801182400825,1.0,4,1063,1059,265,0.5
sc14-crft_train_preprocessed/crafted_n12_d6_c3_num16_preprocessed.cnf,sc14-crft,crafted_n12_d6_c3_num16.cnf,train,0.08283752892865202,0.11899769682058628,1.0,3,14093,14090,4697,0.5
sc14-crft_train_preprocessed/GreenTao_2-3-6_2071_preprocessed.cnf,sc14-crft,GreenTao_2-3-6_2071.cnf,train,0.09733705471684136,0.09480359211217396,0.9990338164251208,2,706,704,353,0.5
sc14-crft_train_preprocessed/rbsat-v945c61409gyes5_preprocessed.cnf,sc14-crft,rbsat-v945c61409gyes5.cnf,train,0.14432935184567885,0.15651203248325676,1.0,1,336,335,336,0.5
sc14-crft_train_preprocessed/rook-56-1-1_preprocessed.cnf,sc14-crft,rook-56-1-1.cnf,train,0.11851984101352632,0.09209783219063457,1.0,3,60351,60348,20117,0.5
sc14-crft_train_preprocessed/crafted_n10_d6_c2_num5_preprocessed.cnf,sc14-crft,crafted_n10_d6_c2_num5.cnf,train,0.08538201788875448,0.11465433424196995,1.0,3,7945,7942,2648,0.5
sc14-crft_train_preprocessed/edges-024-4-5613555-1-00_preprocessed.cnf,sc14-crft,edges-024-4-5613555-1-00.cnf,train,0.12741015401483052,0.14626320291109318,1.0,3,31,28,10,0.5
sc14-crft_train_preprocessed/instance_n8_i8_pp_ci_ce_preprocessed.cnf,sc14-crft,instance_n8_i8_pp_ci_ce.cnf,train,0.10852453359228577,0.12368592901605592,0.9831792975970424,4,7188,7184,1797,0.5
sc14-crft_train_preprocessed/rook-40-0-1_preprocessed.cnf,sc14-crft,rook-40-0-1.cnf,train,0.1264243334576253,0.1148902397001918,1.0,3,22085,22082,7361,0.5
